period_id,TimeStep,PV-FIX
0,0,0.0
0,1,0.0
0,2,0.0
0,3,0.0
0,4,0.0
0,5,0.0
0,6,0.0
0,7,0.0
0,8,0.0
0,9,0.0
0,10,0.0
0,11,0.07179516527351251
0,12,0.2796605769555151
0,13,0.48258466324768706
0,14,0.63812152259217
0,15,0.7368695963968361
0,16,0.7564191275836187
0,17,0.7534832333550793
0,18,0.6541902891478603
0,19,0.594552575363055
0,20,0.4566785220194998
0,21,0.30930648763625407
0,22,0.12143293278700534
0,23,0.0
0,24,0.0
0,25,0.0
0,26,0.0
0,27,0.0
0,28,0.0
0,29,0.0
0,30,0.0
0,31,0.0
0,32,0.0
0,33,0.0
0,34,0.0
0,35,0.051748529296578694
0,36,0.2362037707684789
0,37,0.42135305804041356
0,38,0.5655277865736378
0,39,0.6761634531706013
0,40,0.7065632810068112
0,41,0.6804299138348847
0,42,0.6403916092566634
0,43,0.5972820806696327
0,44,0.4550997929542416
0,45,0.311775859616151
0,46,0.11815831987895142
0,47,0.0
0,48,0.0
0,49,0.0
0,50,0.0
0,51,0.0
0,52,0.0
0,53,0.0
0,54,0.0
0,55,0.0
0,56,0.0
0,57,0.0
0,58,0.0
0,59,0.07995955406908539
0,60,0.2952277719050084
0,61,0.5043173626453649
0,62,0.6725028406519115
0,63,0.7674909066042336
0,64,0.8264716719053774
0,65,0.8350085925460198
0,66,0.7798976552755038
0,67,0.6667304006624176
0,68,0.5269419967857737
0,69,0.34716320955819535
0,70,0.1302061023146009
0,71,0.0
0,72,0.0
0,73,0.0
0,74,0.0
0,75,0.0
0,76,0.0
0,77,0.0
0,78,0.0
0,79,0.0
0,80,0.0
0,81,0.0
0,82,0.0
0,83,0.08427452096312714
0,84,0.28515289522155385
0,85,0.4927652920171059
0,86,0.6589382428030055
0,87,0.7587017219957036
0,88,0.7961352512379852
0,89,0.807361179282917
0,90,0.7504961614943788
0,91,0.6531457656756303
0,92,0.5129636406948489
0,93,0.3200677618337385
0,94,0.11683973873213571
0,95,0.0011568910981097692
0,96,0.0
0,97,0.0
0,98,0.0
0,99,0.0
0,100,0.0
0,101,0.0
0,102,0.0
0,103,0.0
0,104,0.0
0,105,0.0
0,106,0.0
0,107,0.06545594415636126
0,108,0.2552804998395206
0,109,0.44980276228180743
0,110,0.6064320615578361
0,111,0.7015470111581761
0,112,0.7709120110633151
0,113,0.7260045981669668
0,114,0.6790181531470924
0,115,0.6001760094144134
0,116,0.4356717243986804
0,117,0.30673887504784747
0,118,0.12023772587932989
0,119,0.0001663607480449337
0,120,0.0
0,121,0.0
0,122,0.0
0,123,0.0
0,124,0.0
0,125,0.0
0,126,0.0
0,127,0.0
0,128,0.0
0,129,0.0
0,130,0.0
0,131,0.06920677123972703
0,132,0.2682747117957141
0,133,0.4689167625552872
0,134,0.6633446132069976
0,135,0.7653115540825454
0,136,0.8161436678610655
0,137,0.7912608751796896
0,138,0.73035670681132
0,139,0.6156623917348389
0,140,0.470397247687462
0,141,0.31367502134285535
0,142,0.12325710580067206
0,143,0.0
0,144,0.0
0,145,0.0
0,146,0.0
0,147,0.0
0,148,0.0
0,149,0.0
0,150,0.0
0,151,0.0
0,152,0.0
0,153,0.0
0,154,0.0
0,155,0.081714908908174
0,156,0.2895755820091087
0,157,0.4841750015777438
0,158,0.6521805096952678
0,159,0.7639894624698863
0,160,0.8131272070085013
0,161,0.7821803501154416
0,162,0.7394130860563444
0,163,0.6363505533406952
0,164,0.5054015891387879
0,165,0.3284624012594267
0,166,0.13265048661877984
0,167,0.003745300151689251
1,0,0.0
1,1,0.0
1,2,0.0
1,3,0.0
1,4,0.0
1,5,0.0
1,6,0.0
1,7,0.0
1,8,0.0
1,9,0.0
1,10,0.0
1,11,0.0033599679483268335
1,12,0.05724363234503129
1,13,0.14062032779992917
1,14,0.2102938181582604
1,15,0.2136271153547404
1,16,0.22517003484241102
1,17,0.22858434177372677
1,18,0.24356388922616035
1,19,0.3151198471474497
1,20,0.233256054167557
1,21,0.13875926293306648
1,22,0.039517458742814184
1,23,0.0
1,24,0.0
1,25,0.0
1,26,0.0
1,27,0.0
1,28,0.0
1,29,0.0
1,30,0.0
1,31,0.0
1,32,0.0
1,33,0.0
1,34,0.0
1,35,0.006979390000064848
1,36,0.1254364534707015
1,37,0.3243491783223604
1,38,0.4978736357637101
1,39,0.5775096355818605
1,40,0.6098650016797901
1,41,0.6743068227742308
1,42,0.5849244853319464
1,43,0.47269196604246333
1,44,0.38420198677695483
1,45,0.24186439300842155
1,46,0.09521160346221073
1,47,0.0
1,48,0.0
1,49,0.0
1,50,0.0
1,51,0.0
1,52,0.0
1,53,0.0
1,54,0.0
1,55,0.0
1,56,0.0
1,57,0.0
1,58,0.0
1,59,0.009112912630988922
1,60,0.16429988841018048
1,61,0.3887683889013804
1,62,0.5563607812570455
1,63,0.7332586769459962
1,64,0.7878021345074404
1,65,0.7757028534181798
1,66,0.7207491249323252
1,67,0.6048546275102027
1,68,0.4665281181598769
1,69,0.27206915524454733
1,70,0.08276608831426775
1,71,0.0
1,72,0.0
1,73,0.0
1,74,0.0
1,75,0.0
1,76,0.0
1,77,0.0
1,78,0.0
1,79,0.0
1,80,0.0
1,81,0.0
1,82,0.0
1,83,0.014365824032935948
1,84,0.16965173960095956
1,85,0.4029842658788612
1,86,0.5909605106954041
1,87,0.728309255773744
1,88,0.7851984695862582
1,89,0.7604958233026706
1,90,0.6733472538893097
1,91,0.5881843903698756
1,92,0.44598360643612306
1,93,0.2698550170195074
1,94,0.09328562003297988
1,95,0.0
1,96,0.0
1,97,0.0
1,98,0.0
1,99,0.0
1,100,0.0
1,101,0.0
1,102,0.0
1,103,0.0
1,104,0.0
1,105,0.0
1,106,0.0
1,107,0.006351893313392638
1,108,0.14265135361425116
1,109,0.35249916220209776
1,110,0.5280067806714899
1,111,0.6323056610118578
1,112,0.6945654005131779
1,113,0.7003302220104282
1,114,0.6260523319220624
1,115,0.5757728871240703
1,116,0.4164940179071173
1,117,0.24652863653588966
1,118,0.09237629526126917
1,119,0.0
1,120,0.0
1,121,0.0
1,122,0.0
1,123,0.0
1,124,0.0
1,125,0.0
1,126,0.0
1,127,0.0
1,128,0.0
1,129,0.0
1,130,0.0
1,131,0.0
1,132,0.13498240891174149
1,133,0.331973181254804
1,134,0.5076010079777938
1,135,0.6025081952210192
1,136,0.6772450539814878
1,137,0.6498816614699162
1,138,0.6450261149545872
1,139,0.5250817436947864
1,140,0.4004197918125778
1,141,0.25214456515438294
1,142,0.06780457725343197
1,143,0.0
1,144,0.0
1,145,0.0
1,146,0.0
1,147,0.0
1,148,0.0
1,149,0.0
1,150,0.0
1,151,0.0
1,152,0.0
1,153,0.0
1,154,0.0
1,155,0.012013959370451409
1,156,0.15246397366314515
1,157,0.375020451758251
1,158,0.5488693603841699
1,159,0.6511529785973087
1,160,0.7244622184771807
1,161,0.6709226401638876
1,162,0.6198969101413687
1,163,0.47693751212333424
1,164,0.3408456353392933
1,165,0.20114107961514271
1,166,0.04867906590796829
1,167,0.0
2,0,0.0
2,1,0.0
2,2,0.0
2,3,0.0
2,4,0.0
2,5,0.0
2,6,0.0
2,7,0.0
2,8,0.0
2,9,0.0
2,10,0.0
2,11,0.0
2,12,0.09371083676709697
2,13,0.19933262097538587
2,14,0.35696969925388045
2,15,0.4603312322505233
2,16,0.6041704877378072
2,17,0.6056820303428427
2,18,0.6082364457744648
2,19,0.40765767654320123
2,20,0.3611684234119753
2,21,0.23394882468255573
2,22,0.10704573297334397
2,23,0.0
2,24,0.0
2,25,0.0
2,26,0.0
2,27,0.0
2,28,0.0
2,29,0.0
2,30,0.0
2,31,0.0
2,32,0.0
2,33,0.0
2,34,0.0
2,35,0.0
2,36,0.02284473952554075
2,37,0.10325622759433259
2,38,0.14810197354388094
2,39,0.20951810654557534
2,40,0.3083008857386037
2,41,0.2691455754409657
2,42,0.2705194030508848
2,43,0.25147737775470674
2,44,0.2671823932313758
2,45,0.17114417713674976
2,46,0.05375377358551368
2,47,0.0
2,48,0.0
2,49,0.0
2,50,0.0
2,51,0.0
2,52,0.0
2,53,0.0
2,54,0.0
2,55,0.0
2,56,0.0
2,57,0.0
2,58,0.0
2,59,0.0
2,60,0.10887106080584456
2,61,0.23125389675536523
2,62,0.3614376057513252
2,63,0.44277903312658506
2,64,0.530178264326089
2,65,0.5547236643993418
2,66,0.4471244266060446
2,67,0.3617460106949694
2,68,0.2740625428555985
2,69,0.1486664345877829
2,70,0.045760404640719884
2,71,0.0
2,72,0.0
2,73,0.0
2,74,0.0
2,75,0.0
2,76,0.0
2,77,0.0
2,78,0.0
2,79,0.0
2,80,0.0
2,81,0.0
2,82,0.0
2,83,0.0
2,84,0.10291808481550287
2,85,0.24066315017214412
2,86,0.35392298525681787
2,87,0.4258047050823846
2,88,0.41827169051904356
2,89,0.4078877026860446
2,90,0.23485439646674458
2,91,0.2782020890573435
2,92,0.23061417280481963
2,93,0.11329283232799332
2,94,0.022712416358630985
2,95,0.0
2,96,0.0
2,97,0.0
2,98,0.0
2,99,0.0
2,100,0.0
2,101,0.0
2,102,0.0
2,103,0.0
2,104,0.0
2,105,0.0
2,106,0.0
2,107,0.0
2,108,0.004098657290971319
2,109,0.008363980500872826
2,110,0.045821002699407476
2,111,0.10275866029235607
2,112,0.1728142033311068
2,113,0.2580593965818138
2,114,0.301986664090775
2,115,0.22962739484304856
2,116,0.2530763028334854
2,117,0.144922140430008
2,118,0.047028402680545756
2,119,0.0028683834292988902
2,120,0.0
2,121,0.0
2,122,0.0
2,123,0.0
2,124,0.0
2,125,0.0
2,126,0.0
2,127,0.0
2,128,0.0
2,129,0.0
2,130,0.0
2,131,0.0
2,132,0.1132443856159486
2,133,0.2571598334891144
2,134,0.3765142750583461
2,135,0.43684321329637543
2,136,0.42258542916890623
2,137,0.5117111230717567
2,138,0.5363774732910109
2,139,0.5107047142715964
2,140,0.3735334998704634
2,141,0.2487963928634633
2,142,0.10304181351084049
2,143,0.00679404222168353
2,144,0.0
2,145,0.0
2,146,0.0
2,147,0.0
2,148,0.0
2,149,0.0
2,150,0.0
2,151,0.0
2,152,0.0
2,153,0.0
2,154,0.0
2,155,0.0005587354075631079
2,156,0.1920313618422546
2,157,0.42324148530316663
2,158,0.607428818459748
2,159,0.7554572064724149
2,160,0.8507412926359731
2,161,0.8632847441848195
2,162,0.843547391600502
2,163,0.7447861673866932
2,164,0.5807345938198815
2,165,0.3732910963152554
2,166,0.14554924446025772
2,167,0.008002081934597562
3,0,0.0
3,1,0.0
3,2,0.0
3,3,0.0
3,4,0.0
3,5,0.0
3,6,0.0
3,7,0.0
3,8,0.0
3,9,0.0
3,10,0.0
3,11,0.028199292830750705
3,12,0.2056236096106385
3,13,0.41899814224244647
3,14,0.5934443968197969
3,15,0.7408411024114636
3,16,0.798359131238637
3,17,0.8031215688681549
3,18,0.7547505008877341
3,19,0.6394858273472848
3,20,0.4712332783185315
3,21,0.28846046320368607
3,22,0.11463260246069182
3,23,0.003096474592331449
3,24,0.0
3,25,0.0
3,26,0.0
3,27,0.0
3,28,0.0
3,29,0.0
3,30,0.0
3,31,0.0
3,32,0.0
3,33,0.0
3,34,0.0
3,35,0.03441107006534529
3,36,0.21696678567796374
3,37,0.4309862817193703
3,38,0.614421426721039
3,39,0.7316385413853389
3,40,0.7780064016808012
3,41,0.7622885346572681
3,42,0.7198396849700124
3,43,0.5815075097017758
3,44,0.4402566757137589
3,45,0.30238178946868827
3,46,0.1136008769279427
3,47,0.002617791711875709
3,48,0.0
3,49,0.0
3,50,0.0
3,51,0.0
3,52,0.0
3,53,0.0
3,54,0.0
3,55,0.0
3,56,0.0
3,57,0.0
3,58,0.0
3,59,0.026033190704783323
3,60,0.16679953726651242
3,61,0.3667700127476501
3,62,0.5295264867113272
3,63,0.6553210125907419
3,64,0.7164172538855809
3,65,0.6749880458516861
3,66,0.5827757902687043
3,67,0.4247083014913657
3,68,0.32696200679118864
3,69,0.18535455140268253
3,70,0.08093686895383476
3,71,0.0
3,72,0.0
3,73,0.0
3,74,0.0
3,75,0.0
3,76,0.0
3,77,0.0
3,78,0.0
3,79,0.0
3,80,0.0
3,81,0.0
3,82,0.0
3,83,0.0
3,84,0.044454035299031816
3,85,0.09055519740065626
3,86,0.12679906953438627
3,87,0.21169642110293047
3,88,0.21547961577848512
3,89,0.1812355353993594
3,90,0.18872489797947486
3,91,0.20908026036271743
3,92,0.12829277846196446
3,93,0.08349115274307785
3,94,0.045247727745032704
3,95,0.0
3,96,0.0
3,97,0.0
3,98,0.0
3,99,0.0
3,100,0.0
3,101,0.0
3,102,0.0
3,103,0.0
3,104,0.0
3,105,0.0
3,106,0.0
3,107,0.012967461997267567
3,108,0.11283470687997738
3,109,0.23217441303115582
3,110,0.40566819989556335
3,111,0.4176159819516565
3,112,0.5090789475434813
3,113,0.5500133323665556
3,114,0.5259779305008044
3,115,0.4044769740774822
3,116,0.3332826355664811
3,117,0.18797136247077537
3,118,0.05949554780767702
3,119,0.0
3,120,0.0
3,121,0.0
3,122,0.0
3,123,0.0
3,124,0.0
3,125,0.0
3,126,0.0
3,127,0.0
3,128,0.0
3,129,0.0
3,130,0.0
3,131,0.026890890846907236
3,132,0.15069434670020193
3,133,0.3392801260651995
3,134,0.5015792883480809
3,135,0.5961491337827752
3,136,0.5920896524363616
3,137,0.6294041083596572
3,138,0.6015977690688301
3,139,0.4238927440701347
3,140,0.3656147170647427
3,141,0.20455984607918118
3,142,0.10090412947139349
3,143,0.001912842637827072
3,144,0.0
3,145,0.0
3,146,0.0
3,147,0.0
3,148,0.0
3,149,0.0
3,150,0.0
3,151,0.0
3,152,0.0
3,153,0.0
3,154,0.0
3,155,0.037712579467258846
3,156,0.1982930875317406
3,157,0.40938254136517654
3,158,0.5900181407082142
3,159,0.6657408419754298
3,160,0.6932178171247353
3,161,0.6458862542109748
3,162,0.6135485944229176
3,163,0.5031201759487944
3,164,0.3824083992393773
3,165,0.24483608528425055
3,166,0.10147131767147995
3,167,0.0
4,0,0.0
4,1,0.0
4,2,0.0
4,3,0.0
4,4,0.0
4,5,0.0
4,6,0.0
4,7,0.0
4,8,0.0
4,9,0.0
4,10,0.0
4,11,0.0
4,12,0.06283061731139396
4,13,0.26266821722018485
4,14,0.43817893498384464
4,15,0.5694065226338406
4,16,0.6576895798877549
4,17,0.6483219530676745
4,18,0.5586158807729243
4,19,0.515938720627733
4,20,0.3697387305112524
4,21,0.17818037574219717
4,22,0.03596993745945127
4,23,0.0
4,24,0.0
4,25,0.0
4,26,0.0
4,27,0.0
4,28,0.0
4,29,0.0
4,30,0.0
4,31,0.0
4,32,0.0
4,33,0.0
4,34,0.0
4,35,0.0
4,36,0.09859303425772478
4,37,0.26518847890323344
4,38,0.4529233838366024
4,39,0.5670497762850764
4,40,0.6917085296335364
4,41,0.7139705662826356
4,42,0.6649395335362235
4,43,0.5515808429606762
4,44,0.4126701334582238
4,45,0.22034278052778927
4,46,0.03374572323866127
4,47,0.0
4,48,0.0
4,49,0.0
4,50,0.0
4,51,0.0
4,52,0.0
4,53,0.0
4,54,0.0
4,55,0.0
4,56,0.0
4,57,0.0
4,58,0.0
4,59,0.0
4,60,0.09659378621797786
4,61,0.31065079628732833
4,62,0.4869444043806669
4,63,0.6303121719581087
4,64,0.7226429582185667
4,65,0.7184183442842222
4,66,0.6564104826384957
4,67,0.5400630050430673
4,68,0.3778796975790204
4,69,0.193147585900424
4,70,0.024480541716843725
4,71,0.0
4,72,0.0
4,73,0.0
4,74,0.0
4,75,0.0
4,76,0.0
4,77,0.0
4,78,0.0
4,79,0.0
4,80,0.0
4,81,0.0
4,82,0.0
4,83,0.0
4,84,0.07595735279755025
4,85,0.2751374721395116
4,86,0.44398932235641364
4,87,0.5736666338232281
4,88,0.6603319443931089
4,89,0.6825447186749326
4,90,0.6278178197422596
4,91,0.5473123129395789
4,92,0.38587785426775373
4,93,0.2074348211471817
4,94,0.020502414835818657
4,95,0.0
4,96,0.0
4,97,0.0
4,98,0.0
4,99,0.0
4,100,0.0
4,101,0.0
4,102,0.0
4,103,0.0
4,104,0.0
4,105,0.0
4,106,0.0
4,107,0.0
4,108,0.08703034237489164
4,109,0.2977687309365135
4,110,0.46159512800497915
4,111,0.6119375234489379
4,112,0.687775871188914
4,113,0.6982558247495684
4,114,0.6421516414767492
4,115,0.5330129630879424
4,116,0.37987661471772854
4,117,0.18689938596650774
4,118,0.018513045979238044
4,119,0.0
4,120,0.0
4,121,0.0
4,122,0.0
4,123,0.0
4,124,0.0
4,125,0.0
4,126,0.0
4,127,0.0
4,128,0.0
4,129,0.0
4,130,0.0
4,131,0.0
4,132,0.07454832523979396
4,133,0.28713903422095116
4,134,0.46433009451922674
4,135,0.6176385425406264
4,136,0.6961710531669745
4,137,0.709240626011443
4,138,0.6684008459531192
4,139,0.5345530434015593
4,140,0.39755171034854775
4,141,0.19571343402275904
4,142,0.03185957908453702
4,143,0.0
4,144,0.0
4,145,0.0
4,146,0.0
4,147,0.0
4,148,0.0
4,149,0.0
4,150,0.0
4,151,0.0
4,152,0.0
4,153,0.0
4,154,0.0
4,155,0.0
4,156,0.07840338464851723
4,157,0.29221080551150136
4,158,0.4795184322811882
4,159,0.6238752511063751
4,160,0.7032365643718359
4,161,0.7420483576311832
4,162,0.6850931559692678
4,163,0.5860414602490777
4,164,0.43358773499089254
4,165,0.23871814402005118
4,166,0.04226732794357575
4,167,0.0
5,0,0.0
5,1,0.0
5,2,0.0
5,3,0.0
5,4,0.0
5,5,0.0
5,6,0.0
5,7,0.0
5,8,0.0
5,9,0.0
5,10,0.0
5,11,0.01071463423468357
5,12,0.13689629787128413
5,13,0.33101836803835505
5,14,0.4953712881136048
5,15,0.5992306865566053
5,16,0.6462723153599521
5,17,0.5644850092320918
5,18,0.5182454409241607
5,19,0.42905317266972365
5,20,0.3256919207302637
5,21,0.16023012705641082
5,22,0.0386685557352128
5,23,0.0
5,24,0.0
5,25,0.0
5,26,0.0
5,27,0.0
5,28,0.0
5,29,0.0
5,30,0.0
5,31,0.0
5,32,0.0
5,33,0.0
5,34,0.0
5,35,0.005301232166755026
5,36,0.12233847454233589
5,37,0.3179948090453398
5,38,0.5006822541371775
5,39,0.56237153753614
5,40,0.6434358857659668
5,41,0.6214056737192012
5,42,0.5315051862646826
5,43,0.467975734744966
5,44,0.36786975715794745
5,45,0.20369326619610906
5,46,0.04642665726481844
5,47,0.0
5,48,0.0
5,49,0.0
5,50,0.0
5,51,0.0
5,52,0.0
5,53,0.0
5,54,0.0
5,55,0.0
5,56,0.0
5,57,0.0
5,58,0.0
5,59,0.0
5,60,0.11124779116640672
5,61,0.3008332520214307
5,62,0.4276274762797557
5,63,0.49915608179095433
5,64,0.5534643124227151
5,65,0.5418149452791909
5,66,0.5100037686787613
5,67,0.48998256280590907
5,68,0.3425560053721644
5,69,0.16234731307717384
5,70,0.03041938491731469
5,71,0.0
5,72,0.0
5,73,0.0
5,74,0.0
5,75,0.0
5,76,0.0
5,77,0.0
5,78,0.0
5,79,0.0
5,80,0.0
5,81,0.0
5,82,0.0
5,83,0.0
5,84,0.10220863551608622
5,85,0.22696143079794195
5,86,0.35938524525214577
5,87,0.47478332757003533
5,88,0.5375818411951089
5,89,0.5438727445335151
5,90,0.5141621096371122
5,91,0.3947717258287232
5,92,0.32274477172444566
5,93,0.15800843959028985
5,94,0.029081128854384942
5,95,0.0
5,96,0.0
5,97,0.0
5,98,0.0
5,99,0.0
5,100,0.0
5,101,0.0
5,102,0.0
5,103,0.0
5,104,0.0
5,105,0.0
5,106,0.0
5,107,0.0047010012061245434
5,108,0.1067517067306776
5,109,0.24806080445327652
5,110,0.39175019845597603
5,111,0.5234879646152122
5,112,0.5716739496811155
5,113,0.545136806521927
5,114,0.44177958755174057
5,115,0.45885768764788737
5,116,0.34957928306075603
5,117,0.19019477001172017
5,118,0.06647277237612063
5,119,0.0
5,120,0.0
5,121,0.0
5,122,0.0
5,123,0.0
5,124,0.0
5,125,0.0
5,126,0.0
5,127,0.0
5,128,0.0
5,129,0.0
5,130,0.0
5,131,0.005980000014582943
5,132,0.10030390275605305
5,133,0.20222390494599887
5,134,0.30464936502656814
5,135,0.33457660112260207
5,136,0.37162416435626044
5,137,0.3360177845709338
5,138,0.31705975278842535
5,139,0.26048425183733454
5,140,0.17516639742506973
5,141,0.10546996965626865
5,142,0.016025516428578242
5,143,0.0
5,144,0.0
5,145,0.0
5,146,0.0
5,147,0.0
5,148,0.0
5,149,0.0
5,150,0.0
5,151,0.0
5,152,0.0
5,153,0.0
5,154,0.0
5,155,0.0
5,156,0.054551849099743636
5,157,0.15437792871620304
5,158,0.24945150861168539
5,159,0.3454371039092169
5,160,0.35515678492400177
5,161,0.3377233277326508
5,162,0.2770529150936122
5,163,0.2817215848353952
5,164,0.18441954088919224
5,165,0.10441931016396928
5,166,0.022124453208906658
5,167,0.0
6,0,0.0
6,1,0.0
6,2,0.0
6,3,0.0
6,4,0.0
6,5,0.0
6,6,0.0
6,7,0.0
6,8,0.0
6,9,0.0
6,10,0.0
6,11,0.023168235826393897
6,12,0.14510411912791882
6,13,0.3272281871323408
6,14,0.401627925623728
6,15,0.4907480807628535
6,16,0.5527822481125153
6,17,0.6622909359088366
6,18,0.6697900458205152
6,19,0.5604316318849393
6,20,0.46586959640144765
6,21,0.29370184469608407
6,22,0.11022450707513246
6,23,0.004438463650583449
6,24,0.0
6,25,0.0
6,26,0.0
6,27,0.0
6,28,0.0
6,29,0.0
6,30,0.0
6,31,0.0
6,32,0.0
6,33,0.0
6,34,0.0
6,35,0.04102098910050062
6,36,0.18368347175738658
6,37,0.3792354102735064
6,38,0.535942061376536
6,39,0.6348082963037273
6,40,0.7077046499023586
6,41,0.7044319781313108
6,42,0.6756370221312986
6,43,0.5207251389950013
6,44,0.439779251660162
6,45,0.2633332380919564
6,46,0.11404062033560577
6,47,0.0076554899113551655
6,48,0.0
6,49,0.0
6,50,0.0
6,51,0.0
6,52,0.0
6,53,0.0
6,54,0.0
6,55,0.0
6,56,0.0
6,57,0.0
6,58,0.0
6,59,0.017672165021666842
6,60,0.0852273664424968
6,61,0.14151430264624165
6,62,0.16546622125616622
6,63,0.247175858527671
6,64,0.17383677949264206
6,65,0.2536220050781852
6,66,0.29065586862375514
6,67,0.2708580052366907
6,68,0.14773887875465846
6,69,0.11054062428380454
6,70,0.08978791539822953
6,71,0.002252176358623155
6,72,0.0
6,73,0.0
6,74,0.0
6,75,0.0
6,76,0.0
6,77,0.0
6,78,0.0
6,79,0.0
6,80,0.0
6,81,0.0
6,82,0.0
6,83,0.01735376628276465
6,84,0.0890319437745575
6,85,0.1856990477108549
6,86,0.3125150580810576
6,87,0.4012172755606471
6,88,0.5194102408044089
6,89,0.5202214663859084
6,90,0.4364271021770442
6,91,0.44750129437221564
6,92,0.42647650980465446
6,93,0.27854031187701483
6,94,0.09761171710195092
6,95,0.004065259939356248
6,96,0.0
6,97,0.0
6,98,0.0
6,99,0.0
6,100,0.0
6,101,0.0
6,102,0.0
6,103,0.0
6,104,0.0
6,105,0.0
6,106,0.0
6,107,0.027665570812950225
6,108,0.14957810740719432
6,109,0.3806183572502936
6,110,0.5305701115890155
6,111,0.6340222790888355
6,112,0.675436101511284
6,113,0.622341443036406
6,114,0.6108219150897616
6,115,0.4155553708132754
6,116,0.36033373983144623
6,117,0.23006673997781643
6,118,0.10825769532688533
6,119,0.007602542555621615
6,120,0.0
6,121,0.0
6,122,0.0
6,123,0.0
6,124,0.0
6,125,0.0
6,126,0.0
6,127,0.0
6,128,0.0
6,129,0.0
6,130,0.0
6,131,0.04141931954314593
6,132,0.17654722667687253
6,133,0.4063727796651403
6,134,0.6037333918267415
6,135,0.7170188491636417
6,136,0.7615085377158185
6,137,0.7729901912845905
6,138,0.7467553128526043
6,139,0.5792118590549621
6,140,0.45958699867351566
6,141,0.3300544931003299
6,142,0.12439918720667742
6,143,0.0072101309355174035
6,144,0.0
6,145,0.0
6,146,0.0
6,147,0.0
6,148,0.0
6,149,0.0
6,150,0.0
6,151,0.0
6,152,0.0
6,153,0.0
6,154,0.0
6,155,0.04048852836405874
6,156,0.1799522526083435
6,157,0.4069195017752068
6,158,0.5724827964375596
6,159,0.6705513747082529
6,160,0.7933416890907375
6,161,0.7768890900310724
6,162,0.7439169984956759
6,163,0.673764833017145
6,164,0.5218661620773075
6,165,0.3441301608786286
6,166,0.13986663778449718
6,167,0.006538571097542538
7,0,0.0
7,1,0.0
7,2,0.0
7,3,0.0
7,4,0.0
7,5,0.0
7,6,0.0
7,7,0.0
7,8,0.0
7,9,0.0
7,10,0.0
7,11,0.01112190718761551
7,12,0.15620094024872586
7,13,0.3984409210018958
7,14,0.5838117116413544
7,15,0.7356843478360225
7,16,0.8199800933262427
7,17,0.8484550117570707
7,18,0.7738176574651245
7,19,0.689149182969183
7,20,0.5114175417231693
7,21,0.3264925479352014
7,22,0.1153361505053577
7,23,0.0
7,24,0.0
7,25,0.0
7,26,0.0
7,27,0.0
7,28,0.0
7,29,0.0
7,30,0.0
7,31,0.0
7,32,0.0
7,33,0.0
7,34,0.0
7,35,0.01001187711041219
7,36,0.17193880660087685
7,37,0.4083287370491877
7,38,0.608663675574648
7,39,0.7344396388175157
7,40,0.8004896620909607
7,41,0.8019251646824979
7,42,0.7485864879514436
7,43,0.6146992909734867
7,44,0.49440154207813575
7,45,0.3218086678794057
7,46,0.11206331341975129
7,47,0.0
7,48,0.0
7,49,0.0
7,50,0.0
7,51,0.0
7,52,0.0
7,53,0.0
7,54,0.0
7,55,0.0
7,56,0.0
7,57,0.0
7,58,0.0
7,59,0.009671028430210787
7,60,0.1706320686672185
7,61,0.40180551015702354
7,62,0.5800152028388325
7,63,0.7106695817407319
7,64,0.7942966837727649
7,65,0.8042521984820552
7,66,0.7456822999149868
7,67,0.6389587621856639
7,68,0.4886853824374206
7,69,0.31578812017839375
7,70,0.11929253225325295
7,71,0.0
7,72,0.0
7,73,0.0
7,74,0.0
7,75,0.0
7,76,0.0
7,77,0.0
7,78,0.0
7,79,0.0
7,80,0.0
7,81,0.0
7,82,0.0
7,83,0.007450389263359466
7,84,0.14660721892865272
7,85,0.346417029858714
7,86,0.5036399647870348
7,87,0.6615534226467493
7,88,0.7269005319513914
7,89,0.6767174269331171
7,90,0.6334075256867459
7,91,0.5424699470414822
7,92,0.3640378322019461
7,93,0.25077771885346545
7,94,0.0996579439442011
7,95,0.0
7,96,0.0
7,97,0.0
7,98,0.0
7,99,0.0
7,100,0.0
7,101,0.0
7,102,0.0
7,103,0.0
7,104,0.0
7,105,0.0
7,106,0.0
7,107,0.004331582681115387
7,108,0.14418939636593237
7,109,0.3607370187266644
7,110,0.5111755350148813
7,111,0.6187319217563577
7,112,0.7118010997311169
7,113,0.7051713488652053
7,114,0.7084263814711669
7,115,0.5555020677771573
7,116,0.3994445747993746
7,117,0.2413058842539656
7,118,0.09142787221187491
7,119,0.0
7,120,0.0
7,121,0.0
7,122,0.0
7,123,0.0
7,124,0.0
7,125,0.0
7,126,0.0
7,127,0.0
7,128,0.0
7,129,0.0
7,130,0.0
7,131,0.005789406581485858
7,132,0.15157832888116535
7,133,0.36308802315577965
7,134,0.5213299798850028
7,135,0.6902543016327718
7,136,0.7477078133462401
7,137,0.768678218504907
7,138,0.7155764102998206
7,139,0.47575662565581867
7,140,0.4297861842729639
7,141,0.27641435573647044
7,142,0.10948608493469052
7,143,0.0
7,144,0.0
7,145,0.0
7,146,0.0
7,147,0.0
7,148,0.0
7,149,0.0
7,150,0.0
7,151,0.0
7,152,0.0
7,153,0.0
7,154,0.0
7,155,0.008876598096790145
7,156,0.10758492035512758
7,157,0.1683304510567574
7,158,0.223055104517928
7,159,0.24595409594568787
7,160,0.36199370165621086
7,161,0.3727652111200365
7,162,0.408091565085279
7,163,0.41522760415437904
7,164,0.34006856291080884
7,165,0.21837836515234765
7,166,0.09016700360426728
7,167,0.0
