period_id,TimeStep,WIND-OFF
0,0,0.5833507258236291
0,1,0.5547258722842785
0,2,0.5089481809341684
0,3,0.4781059123301091
0,4,0.4402312454643506
0,5,0.40744716558992106
0,6,0.4156157152634019
0,7,0.383188567025026
0,8,0.3238950569842577
0,9,0.2774590539000017
0,10,0.21101922484703686
0,11,0.15882566681589613
0,12,0.10234724396597182
0,13,0.05761084186541124
0,14,0.056022992835581424
0,15,0.091663595972918
0,16,0.12594059227308071
0,17,0.12955546420009453
0,18,0.12493433091791364
0,19,0.13636093264108176
0,20,0.20123759576442143
0,21,0.21516405936736488
0,22,0.17663022462787825
0,23,0.2204242486936715
0,24,0.23876243749451986
0,25,0.2536653499655137
0,26,0.3614256695286294
0,27,0.4554611341685757
0,28,0.4804818297175526
0,29,0.4764070523406406
0,30,0.43517611511452087
0,31,0.40065286624838986
0,32,0.40532859400743265
0,33,0.4639409501848826
0,34,0.5642941478608877
0,35,0.6270948635029376
0,36,0.6312646588269741
0,37,0.610936908654273
0,38,0.6242087302732738
0,39,0.6527042688054602
0,40,0.7779215968589777
0,41,0.8206695077621634
0,42,0.8376353549346562
0,43,0.8293734291513509
0,44,0.7882891871077772
0,45,0.7184912155664404
0,46,0.5368462315727879
0,47,0.5148471289586539
0,48,0.5103064788931413
0,49,0.5123355297032282
0,50,0.5278375461667156
0,51,0.5387823316335394
0,52,0.5423746174604644
0,53,0.507377056428521
0,54,0.4928685195084459
0,55,0.5049386300143586
0,56,0.5443347002667307
0,57,0.5659236903465159
0,58,0.632694921278306
0,59,0.6962143823555242
0,60,0.7895947186917335
0,61,0.845101553162249
0,62,0.8473184940990244
0,63,0.8389915071260683
0,64,0.8525515985284817
0,65,0.8735969887409413
0,66,0.8645838925904386
0,67,0.8709969578527093
0,68,0.8285701155487066
0,69,0.7662071419076526
0,70,0.7023926323722277
0,71,0.6564877501080942
0,72,0.6433139131224289
0,73,0.5811545164693974
0,74,0.5520298941581728
0,75,0.5918091681527055
0,76,0.6701641464471838
0,77,0.8065927252846128
0,78,0.8358892474193146
0,79,0.8198070880167094
0,80,0.8012629637800333
0,81,0.7685425877347145
0,82,0.7317398726492741
0,83,0.7078879701883061
0,84,0.6834648817422049
0,85,0.6587567421640327
0,86,0.7150997974250619
0,87,0.7500238604994452
0,88,0.7643113508491344
0,89,0.7475301263845444
0,90,0.7291581241341482
0,91,0.7251197353987869
0,92,0.7305386221176068
0,93,0.6776592637694018
0,94,0.6351084275282971
0,95,0.5746880833669608
0,96,0.534675234987395
0,97,0.5717753827172206
0,98,0.5993152148011104
0,99,0.6057383099011461
0,100,0.5769018977686795
0,101,0.5322890547621736
0,102,0.5403724808611711
0,103,0.5490442590857872
0,104,0.560761071130266
0,105,0.5703365534514606
0,106,0.6685138561231968
0,107,0.7233539583474718
0,108,0.744222252294306
0,109,0.7724398976715618
0,110,0.7808005883673155
0,111,0.7956866449129568
0,112,0.8251364756375473
0,113,0.8596006075236591
0,114,0.8910348234977226
0,115,0.9056102314215023
0,116,0.8887419895799984
0,117,0.8812839409342526
0,118,0.9200574188963181
0,119,0.9681501062584034
0,120,0.9875149107265931
0,121,0.9925864865424502
0,122,0.9949753273027029
0,123,0.9953255154848945
0,124,0.9969466374584282
0,125,0.9985282523832614
0,126,0.9993645707086645
0,127,0.9997518980091928
0,128,0.9998715245507038
0,129,0.9999001076918224
0,130,0.9999687939281859
0,131,0.9999496825085226
0,132,0.9998443827585027
0,133,0.9994608539000452
0,134,0.9987284102315597
0,135,0.9977317716414605
0,136,0.9957704371374507
0,137,0.993033732776531
0,138,0.9932579058819735
0,139,0.9941773401887256
0,140,0.9922715084552325
0,141,0.9883530930520995
0,142,0.9842530731040219
0,143,0.9810420403214742
0,144,0.9712959207117562
0,145,0.9530715646090749
0,146,0.9385929383883316
0,147,0.9265599290705206
0,148,0.9140386330047283
0,149,0.8853065235989702
0,150,0.8625263615927272
0,151,0.8309154178181749
0,152,0.8084484620153307
0,153,0.7606623430655783
0,154,0.7348408156350248
0,155,0.7166291986725839
0,156,0.6634573657035243
0,157,0.5969608526241633
0,158,0.5248009057659229
0,159,0.4580996940473142
0,160,0.4023582339824049
0,161,0.3480846794174244
0,162,0.3046957583857025
0,163,0.24926387134957181
0,164,0.24807895655718143
0,165,0.2361461562100389
0,166,0.2050019981590218
0,167,0.22568346267108683
1,0,0.9660444187638382
1,1,0.9673400525885252
1,2,0.9631695298167741
1,3,0.9569667416475482
1,4,0.9523316005942426
1,5,0.9449694050381093
1,6,0.9564571963576908
1,7,0.9598349474227306
1,8,0.9706910635154555
1,9,0.9722829473739973
1,10,0.9695285715876796
1,11,0.9584348713422571
1,12,0.9467216030654165
1,13,0.935058268587854
1,14,0.8987553236289388
1,15,0.8674872657890808
1,16,0.87457344709155
1,17,0.9171140563931347
1,18,0.9324677534472422
1,19,0.9413916803573397
1,20,0.9566737922214347
1,21,0.9732543169772314
1,22,0.9805297728599544
1,23,0.9871356449555813
1,24,0.9895155917531318
1,25,0.9945752073532099
1,26,0.9955271830919973
1,27,0.9966139175039483
1,28,0.9970869623935279
1,29,0.9973313340262525
1,30,0.9982032681646754
1,31,0.9974658542807983
1,32,0.9938441413650332
1,33,0.9867318606744899
1,34,0.9677199130514306
1,35,0.9483411732859572
1,36,0.9257167365674113
1,37,0.9068270455412413
1,38,0.9120285202189462
1,39,0.9242937722996234
1,40,0.9279018655518431
1,41,0.9078562018569791
1,42,0.8698483253617477
1,43,0.8184340135220344
1,44,0.7910621405811705
1,45,0.7620415507437328
1,46,0.70057087571316
1,47,0.6260158390885068
1,48,0.5563814647132104
1,49,0.449629632874571
1,50,0.37818430518382856
1,51,0.28358721094590666
1,52,0.2126085783863977
1,53,0.1795622659720041
1,54,0.14391903277928922
1,55,0.10048581956270061
1,56,0.06636778752134478
1,57,0.0404590463317807
1,58,0.01842613412038845
1,59,0.013963238644121712
1,60,0.011103393702296944
1,61,0.009892629105740127
1,62,0.007852635068416169
1,63,0.004937908384293059
1,64,0.00660018772627242
1,65,0.008377424074030094
1,66,0.01345989980532568
1,67,0.019210909955835753
1,68,0.024534104090047838
1,69,0.02641978441272246
1,70,0.033895941972716476
1,71,0.04902592739179192
1,72,0.0567582841503003
1,73,0.06855299753085367
1,74,0.08688314706926542
1,75,0.09599845428029988
1,76,0.11573063195161877
1,77,0.1636779980861765
1,78,0.20301560785638545
1,79,0.26450315659210816
1,80,0.27291176773673764
1,81,0.2589489303934069
1,82,0.2704077165980092
1,83,0.29885470849378504
1,84,0.31558869288308355
1,85,0.2789464596044993
1,86,0.2309690061579549
1,87,0.2084792908596635
1,88,0.17115918688436713
1,89,0.16891799785976563
1,90,0.20750867935312844
1,91,0.32896680856611293
1,92,0.35316865266274733
1,93,0.3670632948307883
1,94,0.37275299868379763
1,95,0.26861533758301087
1,96,0.3405969581523021
1,97,0.33612085349298154
1,98,0.29646958354187797
1,99,0.2466997399044625
1,100,0.1786944091644757
1,101,0.14282555372815642
1,102,0.12830304730585398
1,103,0.12308189005365754
1,104,0.13133905508451874
1,105,0.1238155618828216
1,106,0.09941146149845562
1,107,0.0732559686809406
1,108,0.07684273929934815
1,109,0.07519012016055204
1,110,0.07784391122981467
1,111,0.08304436797177993
1,112,0.08423303472477062
1,113,0.07978890423727966
1,114,0.07102344188901379
1,115,0.07187137025285081
1,116,0.08504750252570736
1,117,0.07433103175648914
1,118,0.09532138917774578
1,119,0.11170452194440894
1,120,0.07232781804013005
1,121,0.050506141930193524
1,122,0.041584953108910624
1,123,0.043830090476209047
1,124,0.051672692562409445
1,125,0.050991661422026664
1,126,0.04984483294551815
1,127,0.044491602489238675
1,128,0.04498743917423061
1,129,0.04778048441145519
1,130,0.05996793611990786
1,131,0.07915908420529362
1,132,0.10289935078907395
1,133,0.11041990194227963
1,134,0.1556316062893762
1,135,0.1783191121829279
1,136,0.2295847197229784
1,137,0.31743172467850445
1,138,0.3430181141178333
1,139,0.3502170264483505
1,140,0.3489453350683038
1,141,0.32080378349904276
1,142,0.199498696686979
1,143,0.12001709881482257
1,144,0.08050166787124463
1,145,0.06962790880079792
1,146,0.06246864520703399
1,147,0.0704932603501932
1,148,0.10509162581278235
1,149,0.17350769222668738
1,150,0.3060260052428304
1,151,0.41819528549933743
1,152,0.5021936886965868
1,153,0.5888717010917093
1,154,0.6387991524740483
1,155,0.6645412478972941
1,156,0.674508315865183
1,157,0.6722872750764362
1,158,0.6716798514933654
1,159,0.646639936152626
1,160,0.6400340491558355
1,161,0.6495253602223668
1,162,0.6731259423670857
1,163,0.6812177137950339
1,164,0.6803205147336997
1,165,0.6913853439746157
1,166,0.6861769402558294
1,167,0.7066212473303369
2,0,0.17528136123421226
2,1,0.17247269412262758
2,2,0.19269025231912426
2,3,0.2376211860143492
2,4,0.26719365854058474
2,5,0.23427043798651984
2,6,0.21937494106992356
2,7,0.2328744182156565
2,8,0.25491274107947165
2,9,0.29055539631991195
2,10,0.36588417586533867
2,11,0.35157276624522144
2,12,0.38708231577729074
2,13,0.41412550523732033
2,14,0.4212303247023672
2,15,0.4320563904699224
2,16,0.4286352536026452
2,17,0.3908471671420156
2,18,0.3771271123287467
2,19,0.3641317777366916
2,20,0.3457717134470898
2,21,0.33215585182730095
2,22,0.3718852491114289
2,23,0.3444448372041435
2,24,0.32484732919814463
2,25,0.32593337709220044
2,26,0.30304842545888944
2,27,0.26555095852100524
2,28,0.24267591616149897
2,29,0.2663114457923733
2,30,0.28439413130747176
2,31,0.32318340992157546
2,32,0.38848462596793776
2,33,0.474432025796005
2,34,0.5793461971765228
2,35,0.6553426084566117
2,36,0.7765671081792856
2,37,0.8544424710418768
2,38,0.8827639546939884
2,39,0.8979419819302239
2,40,0.9228052461050303
2,41,0.9444454141344947
2,42,0.9553024445200448
2,43,0.957365472305436
2,44,0.9638464311395745
2,45,0.9752977284450908
2,46,0.9864645412497962
2,47,0.9839742502712987
2,48,0.9849837487591202
2,49,0.9823093219730791
2,50,0.9799634530723501
2,51,0.9830260594280699
2,52,0.9877590351354668
2,53,0.9899347327476984
2,54,0.9920873974184545
2,55,0.9937100575017077
2,56,0.9896709480918883
2,57,0.98800710970735
2,58,0.9892093526178101
2,59,0.9903984399295347
2,60,0.9914914785980642
2,61,0.9980290533389935
2,62,0.9995843857075534
2,63,0.9996657375459475
2,64,0.9998253928704073
2,65,0.9999279043611365
2,66,0.9999866915803403
2,67,0.9999879177332321
2,68,0.9999908468762515
2,69,0.9999934098763935
2,70,0.9999922433281562
2,71,0.9999772740449347
2,72,0.9999956067336577
2,73,0.9999969606108098
2,74,0.9999997019767759
2,75,0.9999895355738532
2,76,0.9996123062306951
2,77,0.9959708961053673
2,78,0.9869302239001806
2,79,0.982668474076033
2,80,0.9833940245049341
2,81,0.9837034322662618
2,82,0.9815140085536022
2,83,0.9750725931502259
2,84,0.9617291375737678
2,85,0.9440529430296947
2,86,0.9210065990219938
2,87,0.8878870854396119
2,88,0.8636799833609586
2,89,0.8410037501976826
2,90,0.8235459641374704
2,91,0.8149326317599459
2,92,0.7842571814890488
2,93,0.7460343088764244
2,94,0.7492842015714237
2,95,0.7537681916072195
2,96,0.7372411577713297
2,97,0.6979872523607208
2,98,0.6514294521966274
2,99,0.6578753124042366
2,100,0.7333971599404261
2,101,0.783231155482039
2,102,0.8219882560976826
2,103,0.8486547569139192
2,104,0.8613832286955088
2,105,0.8602348854225864
2,106,0.8952568603661817
2,107,0.9105036543437687
2,108,0.9221913011341396
2,109,0.9151244711213639
2,110,0.8793322592879201
2,111,0.8030325369511601
2,112,0.7046540499925305
2,113,0.5952207048001816
2,114,0.4996111009750189
2,115,0.44683414264909843
2,116,0.42570669811481715
2,117,0.3973958879533302
2,118,0.4231866729286921
2,119,0.46575802013771056
2,120,0.49722757044761867
2,121,0.49068997441931256
2,122,0.4708410710106817
2,123,0.4868391986877011
2,124,0.49902050399877723
2,125,0.516432147541483
2,126,0.5193565732782517
2,127,0.5061209084619185
2,128,0.4791548942569949
2,129,0.4839378697545376
2,130,0.6043097674698431
2,131,0.6926508221016191
2,132,0.6846051474233177
2,133,0.6082355769464755
2,134,0.5823049126195101
2,135,0.5849853765055535
2,136,0.6228036356937683
2,137,0.6970757013500865
2,138,0.7407966094699685
2,139,0.7485255109546403
2,140,0.7273883125444034
2,141,0.7139275720378596
2,142,0.5787208677166293
2,143,0.5630991264026552
2,144,0.5460636904090311
2,145,0.4891783280050003
2,146,0.4451740423278903
2,147,0.3600659271243939
2,148,0.22314604666589197
2,149,0.1703000448627245
2,150,0.16732907640576927
2,151,0.1693601518388921
2,152,0.20018358343692447
2,153,0.2143461261750402
2,154,0.18801510164150886
2,155,0.16188203693788172
2,156,0.18535430729143884
2,157,0.25070019702632257
2,158,0.2612229921832224
2,159,0.2623829966810433
2,160,0.26345485440986105
2,161,0.2815379827023927
2,162,0.32983958089498905
2,163,0.3853259411666958
2,164,0.4601101513015538
2,165,0.5695511684644275
2,166,0.5138901963574656
2,167,0.5452313028944769
3,0,0.2927407548532212
3,1,0.219816206034985
3,2,0.16975957398172947
3,3,0.14062858639011344
3,4,0.11742029848757393
3,5,0.12128826430797005
3,6,0.1371955246892575
3,7,0.1476097368408337
3,8,0.15611461819476957
3,9,0.14916577595029654
3,10,0.15476226557430442
3,11,0.14652714991942256
3,12,0.1335307871470779
3,13,0.153594016830318
3,14,0.2062580718778351
3,15,0.3078287293906694
3,16,0.38990480549207757
3,17,0.47341939025845275
3,18,0.5175490223951648
3,19,0.5590740553081205
3,20,0.5469893506928722
3,21,0.4878921305195678
3,22,0.4203515285780991
3,23,0.38617379750824204
3,24,0.3341716074450678
3,25,0.2714384636129631
3,26,0.18968691250337125
3,27,0.15684549046781915
3,28,0.14124160536012215
3,29,0.13045181683018023
3,30,0.10875307889014818
3,31,0.08843193986703805
3,32,0.061563981438830365
3,33,0.05206257359218538
3,34,0.03296829455661887
3,35,0.028561309876055076
3,36,0.027939570931362664
3,37,0.03790664448718805
3,38,0.03958311107570648
3,39,0.038327148494738505
3,40,0.03602864897398714
3,41,0.041992664622716995
3,42,0.04819849014579313
3,43,0.04860418984729086
3,44,0.05262358563852795
3,45,0.06728571099686007
3,46,0.05452104393405713
3,47,0.05657094361690776
3,48,0.09851526422993376
3,49,0.1138238157253386
3,50,0.12677055389755026
3,51,0.13296045504377518
3,52,0.11108051398711503
3,53,0.09883801349975256
3,54,0.09075873048867852
3,55,0.07750205804735799
3,56,0.06111312748628449
3,57,0.04574156207435567
3,58,0.03521967038919751
3,59,0.0331886343377214
3,60,0.02681319538846063
3,61,0.018894103301111197
3,62,0.012335684892342923
3,63,0.011949902303443293
3,64,0.015155511245876835
3,65,0.02197648443227244
3,66,0.03862496998047278
3,67,0.05309986594325766
3,68,0.06521946473752238
3,69,0.07472661822450512
3,70,0.07621018428295667
3,71,0.08719299131051075
3,72,0.08567419020892492
3,73,0.078297309556048
3,74,0.08795013930207035
3,75,0.12071954277210148
3,76,0.20947151774578757
3,77,0.368518253138624
3,78,0.48136761132670375
3,79,0.5674877191889794
3,80,0.5937765010523963
3,81,0.609215656279843
3,82,0.6015795450505889
3,83,0.5932169325562792
3,84,0.5574046481458652
3,85,0.47271412315155037
3,86,0.4131125681285996
3,87,0.39473213181959665
3,88,0.4191491685870678
3,89,0.4680891595929945
3,90,0.45063901286266284
3,91,0.4245845766323841
3,92,0.36277775370237414
3,93,0.288786616845396
3,94,0.321874615885888
3,95,0.27454313595357144
3,96,0.23174426961829914
3,97,0.1905333929708102
3,98,0.14218957268589688
3,99,0.09679596424660043
3,100,0.04298649959274795
3,101,0.019449685735961116
3,102,0.004272015817211408
3,103,0.0035867945782740076
3,104,0.005603061869181438
3,105,0.01777871767681705
3,106,0.049459532781790605
3,107,0.06060806682579364
3,108,0.09754669977075052
3,109,0.10955546184739215
3,110,0.10118733343901713
3,111,0.11333954032544698
3,112,0.1678030810012436
3,113,0.2600899509861755
3,114,0.3696919234226395
3,115,0.4095209704645031
3,116,0.4273976679704044
3,117,0.4488621881789527
3,118,0.5002362246569385
3,119,0.5303646390198989
3,120,0.5205013303377971
3,121,0.4540113349370917
3,122,0.3929835696762119
3,123,0.33686748126302807
3,124,0.25621371129468146
3,125,0.16838488700053086
3,126,0.13924519464583562
3,127,0.11688518155918731
3,128,0.08628442638662831
3,129,0.051305007747162706
3,130,0.027737468001440068
3,131,0.02918551775729416
3,132,0.03350757201406357
3,133,0.034477280758436195
3,134,0.039996213551112395
3,135,0.04098845099222734
3,136,0.03918631047329672
3,137,0.0462391113066203
3,138,0.09238268289308603
3,139,0.14463659458793862
3,140,0.19589229347506618
3,141,0.2678655569750959
3,142,0.28048195994344444
3,143,0.42691370797847583
3,144,0.42374810974689525
3,145,0.3708037836799747
3,146,0.34646678106228634
3,147,0.3117034690316927
3,148,0.19530263704608042
3,149,0.1576140602012906
3,150,0.15245925596803184
3,151,0.19373156017900153
3,152,0.3808947523398055
3,153,0.41739452676892763
3,154,0.40373586687849533
3,155,0.42803231349587473
3,156,0.4623941186398833
3,157,0.4569829150513344
3,158,0.43618402982152377
3,159,0.4441638264554777
3,160,0.43337902484829255
3,161,0.48242230078629805
3,162,0.5859621719062919
3,163,0.6373533745247636
3,164,0.6367627222013429
3,165,0.6283094609617011
3,166,0.553401977048142
3,167,0.5297096037355469
4,0,0.15118592421822372
4,1,0.11914237909012625
4,2,0.10355500757612511
4,3,0.05497102508198823
4,4,0.02992584055009576
4,5,0.0232264508470894
4,6,0.020854914825077536
4,7,0.025649364917096663
4,8,0.03129369682237065
4,9,0.030579911760205913
4,10,0.017394561487838005
4,11,0.025280496623495824
4,12,0.0535977291865014
4,13,0.10564032297871885
4,14,0.17191683841108057
4,15,0.18287411477830545
4,16,0.22139006507348735
4,17,0.3546512141344185
4,18,0.4297679575721679
4,19,0.5262196469084768
4,20,0.6157453089235729
4,21,0.7208623192007102
4,22,0.8415312045574692
4,23,0.9026677954997658
4,24,0.9368539109576843
4,25,0.9559025973996396
4,26,0.9726736931369244
4,27,0.9777296803036619
4,28,0.98212740111707
4,29,0.9885724375032051
4,30,0.9928053141941084
4,31,0.9961606464584876
4,32,0.9964968316108337
4,33,0.9944130156378288
4,34,0.9916812672684624
4,35,0.9887924755357445
4,36,0.9785080351345748
4,37,0.9621708612817951
4,38,0.9514497348302694
4,39,0.9303371105675733
4,40,0.9112254518081758
4,41,0.8860978654713003
4,42,0.8456995741110779
4,43,0.816038524810832
4,44,0.7870126301591469
4,45,0.7701904904858945
4,46,0.7747483615552684
4,47,0.7986474959636206
4,48,0.7998393431837205
4,49,0.7793905583095464
4,50,0.7713100074578013
4,51,0.7420964997056058
4,52,0.699383178467127
4,53,0.6605021161357291
4,54,0.6452445688398554
4,55,0.6825229886725808
4,56,0.6898556203200992
4,57,0.7091674836632629
4,58,0.7547688217739515
4,59,0.7454133124620369
4,60,0.6934816620238947
4,61,0.5876392332995913
4,62,0.52166670812426
4,63,0.4306277174599162
4,64,0.3016242387635005
4,65,0.16612336285464777
4,66,0.10658211656614283
4,67,0.09376510419908324
4,68,0.1274433488854056
4,69,0.1867473723744308
4,70,0.21367573639464782
4,71,0.24355295873812005
4,72,0.23213520102488955
4,73,0.22789486071365986
4,74,0.24178470470701646
4,75,0.24028585998880367
4,76,0.21588440921759322
4,77,0.19135573417407273
4,78,0.18031082406362076
4,79,0.1744574756317778
4,80,0.1820031510781632
4,81,0.19421451682591315
4,82,0.15158043997554566
4,83,0.13793839674519084
4,84,0.12211655355904268
4,85,0.1323941841284397
4,86,0.16278033895141567
4,87,0.19822823279028515
4,88,0.21678228628187193
4,89,0.18112230045596148
4,90,0.16501039308150492
4,91,0.14845628808879985
4,92,0.14579081078197123
4,93,0.13493604138190796
4,94,0.0893251581446003
4,95,0.08171307473123639
4,96,0.06785445333226947
4,97,0.04698088284953248
4,98,0.03711739519824679
4,99,0.02728711292743445
4,100,0.01983925221148631
4,101,0.014550272778751889
4,102,0.009169970749887922
4,103,0.004492969941469616
4,104,0.003838107951053621
4,105,0.003113549958774842
4,106,0.007389144909721175
4,107,0.010443236065341642
4,108,0.016472821839842645
4,109,0.02366419418157002
4,110,0.03255652107874299
4,111,0.06356062808820744
4,112,0.1599678355884764
4,113,0.2444331704729317
4,114,0.31936217415028
4,115,0.3570010792079186
4,116,0.3795272762800336
4,117,0.38430212691811444
4,118,0.3131330518996535
4,119,0.286276714516421
4,120,0.27558730146636173
4,121,0.28253325909391136
4,122,0.29407314115620425
4,123,0.2570057553279031
4,124,0.16107496783077263
4,125,0.09456498096687155
4,126,0.09007676538682195
4,127,0.10437799418603673
4,128,0.10705833819754078
4,129,0.11791696886162613
4,130,0.1147713071452003
4,131,0.15052161916833875
4,132,0.1836693228252682
4,133,0.19725690602789656
4,134,0.21821334374414897
4,135,0.27381480432891836
4,136,0.33111579105290245
4,137,0.38197456516125683
4,138,0.4111571902518577
4,139,0.4519783207561455
4,140,0.5184224863863854
4,141,0.577997375777045
4,142,0.6662474907360086
4,143,0.7114036789354076
4,144,0.7123163752069025
4,145,0.7580810077190798
4,146,0.8430219169656384
4,147,0.9156854296831727
4,148,0.9519584233032191
4,149,0.9702420765545345
4,150,0.9762146640976346
4,151,0.9795348147147158
4,152,0.9818673832625485
4,153,0.9853920821525897
4,154,0.9766825084811122
4,155,0.9770485779170905
4,156,0.9788338565276258
4,157,0.9736772492535695
4,158,0.9689944468284372
4,159,0.9664722982264966
4,160,0.965439334663455
4,161,0.9642379954021314
4,162,0.9537243527527985
4,163,0.9424309247608457
4,164,0.9178472905006175
4,165,0.836608582805097
4,166,0.7934287359361208
4,167,0.7515146907622723
5,0,0.3760331881053509
5,1,0.37436367663495035
5,2,0.7130031251344845
5,3,0.7733364166979746
5,4,0.7383396481370051
5,5,0.6943267219137356
5,6,0.6442351342141636
5,7,0.6335796250366222
5,8,0.6126305261434508
5,9,0.6007335861238764
5,10,0.6411061729768608
5,11,0.7103903253036846
5,12,0.7567323928071551
5,13,0.7670719228102141
5,14,0.782091505973718
5,15,0.8133175350815965
5,16,0.8332900862171773
5,17,0.8690784492929324
5,18,0.9191618115501883
5,19,0.9555994183247034
5,20,0.9773822373222036
5,21,0.9851762462481902
5,22,0.9900787439790988
5,23,0.9873315356524804
5,24,0.8972302044339797
5,25,0.9017762067265331
5,26,0.9442619573942644
5,27,0.9587474977549258
5,28,0.9745881350336852
5,29,0.9756676200295368
5,30,0.9455493285237264
5,31,0.9251406352302619
5,32,0.948897187854552
5,33,0.9504242442007812
5,34,0.9856137742142905
5,35,0.9779633827032373
5,36,0.9760380927593639
5,37,0.9846600550393598
5,38,0.9966790355889514
5,39,0.9990865420886101
5,40,0.999284772268197
5,41,0.9993924331753243
5,42,0.9996410888925886
5,43,0.9997767192838237
5,44,0.9998578859220415
5,45,0.9996494037418866
5,46,0.9991522115166669
5,47,0.9931132467402382
5,48,0.988216679672449
5,49,0.9897728528923845
5,50,0.989305239476943
5,51,0.975480610426153
5,52,0.9651413039405482
5,53,0.9409189111392869
5,54,0.9130311897163561
5,55,0.8833392801062608
5,56,0.83024780504863
5,57,0.7588681318847807
5,58,0.676165973459927
5,59,0.6234807488259658
5,60,0.5290699861884832
5,61,0.4345968994341756
5,62,0.42662763047231667
5,63,0.3980698558756358
5,64,0.3102229142500551
5,65,0.19472433406200668
5,66,0.14806366105396632
5,67,0.11256788977639785
5,68,0.10607322506483893
5,69,0.09199298145337578
5,70,0.0930028556633942
5,71,0.05411717303995238
5,72,0.0266093497984972
5,73,0.03885962760672416
5,74,0.05898012960188241
5,75,0.0758719880944042
5,76,0.06479801512696413
5,77,0.04243846056153787
5,78,0.05825033207525862
5,79,0.13396214230615006
5,80,0.3036817504574318
5,81,0.48870778544653937
5,82,0.5894741029826414
5,83,0.5554599171505271
5,84,0.5624249892457055
5,85,0.5236524148360157
5,86,0.47241012947966976
5,87,0.4937708134130856
5,88,0.5476720326027869
5,89,0.6298235930320204
5,90,0.7361616344582003
5,91,0.759479303110501
5,92,0.7389684921427744
5,93,0.7562325034713209
5,94,0.7174490810145183
5,95,0.7326242174250124
5,96,0.8326802262938552
5,97,0.8590776674423617
5,98,0.8575443228050864
5,99,0.854099188678174
5,100,0.8536147965525008
5,101,0.8581083467491251
5,102,0.8653337719750064
5,103,0.8922688620079507
5,104,0.9159586574192401
5,105,0.9094980046136354
5,106,0.9542683420823549
5,107,0.9667466062969263
5,108,0.9855210591742701
5,109,0.9891216422400274
5,110,0.9943327579705917
5,111,0.9988442342670464
5,112,0.9991965424784252
5,113,0.9984166453770781
5,114,0.996852812959044
5,115,0.9917990982197581
5,116,0.9812720370725885
5,117,0.9576021049123996
5,118,0.9238737979042629
5,119,0.883824074563352
5,120,0.8493797517422912
5,121,0.8383451569623525
5,122,0.8280033321800967
5,123,0.8555633025092882
5,124,0.9432820419736966
5,125,0.971626886392883
5,126,0.9742139221117904
5,127,0.9725041476972989
5,128,0.9646490887039765
5,129,0.9704117114011418
5,130,0.9396653805523976
5,131,0.9060363450962726
5,132,0.8845537994468031
5,133,0.8928328114461712
5,134,0.9132515332227495
5,135,0.9012597025932668
5,136,0.8918637291715523
5,137,0.877741628191491
5,138,0.8749791163698387
5,139,0.8421474272776553
5,140,0.7920921686149799
5,141,0.7263307258728545
5,142,0.7379766110878225
5,143,0.6414501812401054
5,144,0.5941554078408303
5,145,0.5681765999829586
5,146,0.6186814565542634
5,147,0.7194395486480492
5,148,0.7856155119596514
5,149,0.8406548522240342
5,150,0.902025458490342
5,151,0.9365320383729915
5,152,0.9525042678276457
5,153,0.9613667795918988
5,154,0.9670972008744895
5,155,0.9391063484981704
5,156,0.9328258656618497
5,157,0.9216286693845307
5,158,0.910025401497505
5,159,0.9034157817592285
5,160,0.9144349538348244
5,161,0.9127920558426427
5,162,0.900884059159665
5,163,0.9125781943424223
5,164,0.9163190271601354
5,165,0.8946789911124059
5,166,0.8770859024865582
5,167,0.8338743012379158
6,0,0.8501881150331998
6,1,0.9049643653198287
6,2,0.9311152518151409
6,3,0.9371618360532321
6,4,0.9344212835796957
6,5,0.9186208744756459
6,6,0.8759874334082594
6,7,0.8509423523307996
6,8,0.8464428267675653
6,9,0.8329311469879891
6,10,0.7753167217379191
6,11,0.7943953570352158
6,12,0.904423562355759
6,13,0.9333609267108728
6,14,0.9627023510186047
6,15,0.9860779553950455
6,16,0.990585179892815
6,17,0.9924251159714946
6,18,0.9902284957063875
6,19,0.9912993926649416
6,20,0.9904871004338929
6,21,0.9940285407812568
6,22,0.9911703287198068
6,23,0.9878492964505451
6,24,0.9858244468654966
6,25,0.9817219181033265
6,26,0.9807985327304641
6,27,0.9803232650839786
6,28,0.9734164466044307
6,29,0.9720212705232596
6,30,0.9547973135225135
6,31,0.9500851781568026
6,32,0.9402826066176005
6,33,0.9417505997183097
6,34,0.9363220561423659
6,35,0.9038101609225508
6,36,0.8227279725661278
6,37,0.7399051594194733
6,38,0.6481892225514436
6,39,0.5734547808839051
6,40,0.49514770079944487
6,41,0.47205706627600114
6,42,0.4858231883913792
6,43,0.4372240068655743
6,44,0.3937262486379
6,45,0.398784488363871
6,46,0.39632977994493057
6,47,0.44215687813498716
6,48,0.5009181217722362
6,49,0.602796056180001
6,50,0.6950411234339345
6,51,0.7850998422915475
6,52,0.8781538440476617
6,53,0.937790714828383
6,54,0.9579280082618504
6,55,0.9919039229387437
6,56,0.993456306296066
6,57,0.9960484630482028
6,58,0.9935762109926313
6,59,0.9951519593745038
6,60,0.9962233828408392
6,61,0.9972402680483391
6,62,0.9963494764873599
6,63,0.9967734344604601
6,64,0.9982662727679722
6,65,0.9983779520222211
6,66,0.9983087907548237
6,67,0.9981140424804684
6,68,0.997870179970834
6,69,0.9979483514751649
6,70,0.9988093605771299
6,71,0.9990133674411452
6,72,0.9993145398260477
6,73,0.9995468688350433
6,74,0.9994090728080294
6,75,0.9995003374681241
6,76,0.9996251794169012
6,77,0.9994279873517128
6,78,0.9991718164809312
6,79,0.9986087511784186
6,80,0.9947599991667422
6,81,0.9793084263029488
6,82,0.9592789477552992
6,83,0.9606045155341643
6,84,0.972894011808045
6,85,0.9845270025494304
6,86,0.990802577935867
6,87,0.9909625270261238
6,88,0.9790725011464672
6,89,0.9434740981044918
6,90,0.9340087498320345
6,91,0.9355621862049192
6,92,0.9337196374555521
6,93,0.9254484982376281
6,94,0.9294313905241779
6,95,0.9286361054878698
6,96,0.9358931708511632
6,97,0.9321001690596297
6,98,0.9399545624676434
6,99,0.9494619618238259
6,100,0.9589093889635073
6,101,0.9758478297352572
6,102,0.9824966594020627
6,103,0.9889969045993957
6,104,0.9984504511502689
6,105,0.9998095664154883
6,106,0.9997322492445383
6,107,0.9997855755420662
6,108,0.9996978275565847
6,109,0.9992231062860986
6,110,0.9989711077411295
6,111,0.9988902242250206
6,112,0.9992497296984258
6,113,0.9970411686342079
6,114,0.9939619723163289
6,115,0.9748303981517579
6,116,0.9461543505359279
6,117,0.9084476017221079
6,118,0.8962053322027816
6,119,0.880510969713134
6,120,0.8684384145132876
6,121,0.8800843493988008
6,122,0.8726254527413801
6,123,0.8562768397619978
6,124,0.8619874226287606
6,125,0.8439980027871571
6,126,0.8260896055391895
6,127,0.8173996840189943
6,128,0.7980350258531385
6,129,0.7634901748152677
6,130,0.7199690118266071
6,131,0.6505411725460866
6,132,0.6136956315164129
6,133,0.6423500923132177
6,134,0.7056497883201213
6,135,0.726901480175793
6,136,0.8098112267109847
6,137,0.8266747344979631
6,138,0.8118946974736994
6,139,0.7860663715001334
6,140,0.7971473337341912
6,141,0.8053362284630629
6,142,0.6202532461936687
6,143,0.4981471858260862
6,144,0.22417784368069635
6,145,0.25186521399175227
6,146,0.35556774621378107
6,147,0.33934669216200813
6,148,0.31231549459079366
6,149,0.30673236634349493
6,150,0.29138242934967334
6,151,0.3165334527333899
6,152,0.35881269810867283
6,153,0.43851260982456175
6,154,0.44771273725286803
6,155,0.6065759846839888
6,156,0.6880092444552102
6,157,0.6673107930681731
6,158,0.6794345486662051
6,159,0.8037986866647023
6,160,0.8873979795791814
6,161,0.9000846812704167
6,162,0.8901827487722217
6,163,0.8721282207797242
6,164,0.834495789035913
6,165,0.8045083595489807
6,166,0.8104578577390573
6,167,0.7527354884597514
7,0,0.81911442052097
7,1,0.8798461393972317
7,2,0.9411766068958118
7,3,0.9601702062194052
7,4,0.9717673050246936
7,5,0.9744998406722043
7,6,0.970060446271216
7,7,0.9645148888244487
7,8,0.9684950094945659
7,9,0.978092213196809
7,10,0.9636740857003473
7,11,0.9123784790135282
7,12,0.8937613029510996
7,13,0.871727727172265
7,14,0.8571266928594684
7,15,0.8276777616232999
7,16,0.8982889718453503
7,17,0.8894308062538188
7,18,0.8665164922323914
7,19,0.8588257434032109
7,20,0.8109233104857745
7,21,0.7738694809910731
7,22,0.7176120451068801
7,23,0.6251791735208363
7,24,0.4942035084351196
7,25,0.4484884868636754
7,26,0.4459709551389287
7,27,0.3921609360376134
7,28,0.33559219497725895
7,29,0.3003679998901238
7,30,0.3089022439869654
7,31,0.33986887860566684
7,32,0.3383051802981053
7,33,0.34173119623209797
7,34,0.32023389346359393
7,35,0.3330222409589104
7,36,0.2222138305796388
7,37,0.16677230790925343
7,38,0.14949889891351953
7,39,0.1079175321515126
7,40,0.08613910651375178
7,41,0.03898842239959121
7,42,0.015532667768467626
7,43,0.004029098444923468
7,44,0.002531976751364042
7,45,0.0020430956501513
7,46,0.0028267821484500915
7,47,0.003933137589982555
7,48,0.008813947919011215
7,49,0.013029225093920177
7,50,0.008061882155567461
7,51,0.008638995219638344
7,52,0.011462451869158227
7,53,0.016918011565179084
7,54,0.0250645975443714
7,55,0.03754562965008453
7,56,0.05533107739705442
7,57,0.08762783458363278
7,58,0.06554558663737305
7,59,0.05864575928708842
7,60,0.05553805704321132
7,61,0.07283356446458811
7,62,0.1016994106849258
7,63,0.1919561535893621
7,64,0.32718152126323224
7,65,0.3277689946717482
7,66,0.31407392130449235
7,67,0.3270104757731359
7,68,0.3510393769648403
7,69,0.2304238948949545
7,70,0.14011172214539308
7,71,0.18421486001319537
7,72,0.25792569108138824
7,73,0.24523166795176274
7,74,0.19232163442937777
7,75,0.15280422038927524
7,76,0.1604835002895257
7,77,0.20375855565990056
7,78,0.26272791888232305
7,79,0.35243246688310487
7,80,0.5039012453212268
7,81,0.6183221149936575
7,82,0.6102026497531289
7,83,0.6383563321113368
7,84,0.6542281972619812
7,85,0.6653503661804926
7,86,0.68538126530574
7,87,0.7428897234142804
7,88,0.839797195883883
7,89,0.9272130046260822
7,90,0.947483534330497
7,91,0.9394409193577915
7,92,0.9175758062006932
7,93,0.9089971467021659
7,94,0.886863911941066
7,95,0.8844752951498183
7,96,0.8271582871914195
7,97,0.7735336484995992
7,98,0.792625496161969
7,99,0.8241927172131687
7,100,0.8945196927062936
7,101,0.9290806966055242
7,102,0.9346866931719192
7,103,0.9192993145209846
7,104,0.8772867950073777
7,105,0.8551012074914396
7,106,0.8024550388073164
7,107,0.8141426373463007
7,108,0.8136862047706261
7,109,0.8143167226737748
7,110,0.7572857971885898
7,111,0.6758624814605549
7,112,0.5685350226384747
7,113,0.5507113037362836
7,114,0.5901112717718174
7,115,0.6217312032057823
7,116,0.629117411987083
7,117,0.6612961966613116
7,118,0.7052120517377304
7,119,0.7742127441961368
7,120,0.8319405871695447
7,121,0.8436808960912944
7,122,0.9154242569884706
7,123,0.9473550266954704
7,124,0.9507661215976287
7,125,0.9526283100806419
7,126,0.9595500992625695
7,127,0.954124386907713
7,128,0.9491462856396702
7,129,0.9296132443249507
7,130,0.8774654897614639
7,131,0.8171906802981128
7,132,0.7814928566924899
7,133,0.7109843055536464
7,134,0.6175602483002862
7,135,0.5315256979524404
7,136,0.42200864228037094
7,137,0.30918340907618586
7,138,0.19325979182243846
7,139,0.1778265473898929
7,140,0.14701464148712803
7,141,0.09799158146109536
7,142,0.09269713594006151
7,143,0.0713961982221651
7,144,0.07861556860856374
7,145,0.06459583365549164
7,146,0.05842806694605506
7,147,0.036371544617015084
7,148,0.020408980429611423
7,149,0.014820091330370561
7,150,0.01070505862928078
7,151,0.010243416544717665
7,152,0.011586004867282304
7,153,0.012815072089686595
7,154,0.02136332296988661
7,155,0.015820172061043077
7,156,0.011357829247203983
7,157,0.011716263078592849
7,158,0.016764986548949336
7,159,0.022697783018139545
7,160,0.025966834440771493
7,161,0.03565116524667857
7,162,0.050775046621387265
7,163,0.0629244545725845
7,164,0.06427006938356786
7,165,0.06571956020611995
7,166,0.09782124377627076
7,167,0.12256560198726373
