period_id,TimeStep,PV-FIX,WIND-ON
0,0,0.0,0.3318697737800275
0,1,0.0,0.3415721605228373
0,2,0.0,0.32545931260223265
0,3,0.0,0.28909417255357905
0,4,0.0,0.2607346484607185
0,5,0.011458682068840579,0.24302993395245542
0,6,0.07935514084142542,0.21966872739695584
0,7,0.23974812142147195,0.18820114072655902
0,8,0.4052878643495359,0.1584571742584076
0,9,0.5531486209711198,0.17682726053908734
0,10,0.6345950174661887,0.1296041807124245
0,11,0.6984085826183449,0.08711717779294648
0,12,0.7056100635614007,0.04675704728991742
0,13,0.625702721087763,0.03159348986210799
0,14,0.49184696417991997,0.025736426275611905
0,15,0.36366618580049737,0.010087702137375955
0,16,0.20458881672014229,0.00616354304994041
0,17,0.04610659976063771,0.0050464430910836106
0,18,0.0011591299891084877,0.005289367853710576
0,19,0.0,0.005939678351535597
0,20,0.0,0.006962032126343207
0,21,0.0,0.00797047822505827
0,22,0.0,0.016792249286476216
0,23,0.0,0.016069519205908978
0,24,0.0,0.017154681622680173
0,25,0.0,0.023400848767514606
0,26,0.0,0.02613503553525339
0,27,0.0,0.029687287551664745
0,28,0.0,0.017913054357842937
0,29,0.012524297608372452,0.008870672795077951
0,30,0.10861692791598805,0.004005379274203359
0,31,0.27470474536096123,0.005700394828196958
0,32,0.40866484667641967,0.003665531244084143
0,33,0.5774517305270734,0.007807404302566377
0,34,0.7104350613273925,0.005477890947612604
0,35,0.6701332874403546,0.008122383026129245
0,36,0.6822928543856468,0.0181161395373198
0,37,0.6163500609079449,0.03563424303498431
0,38,0.5037806374129263,0.025221692550047827
0,39,0.36558134239066775,0.04437992347204229
0,40,0.1936033490216163,0.06613451873743104
0,41,0.044781928588371836,0.03536230795541903
0,42,0.0025591141403994285,0.04639890835178739
0,43,0.0,0.042625182808241215
0,44,0.0,0.028725887999920114
0,45,0.0,0.019165128755944554
0,46,0.0,0.03305267151238672
0,47,0.0,0.03119246350937877
0,48,0.0,0.026794868420581573
0,49,0.0,0.020708505091083504
0,50,0.0,0.023192026950076293
0,51,0.0,0.021248218135708843
0,52,0.0,0.02904645737659675
0,53,0.013094222347261148,0.0334376902889568
0,54,0.09301672203637229,0.023882712075995793
0,55,0.24092869650048518,0.060903997592600706
0,56,0.3624904088985416,0.08059516649634527
0,57,0.47309985354845036,0.07796137073771182
0,58,0.6268949095128885,0.1992970545880605
0,59,0.7010453169733591,0.2072921180357315
0,60,0.6548025516906497,0.2516149518945622
0,61,0.5654975065798031,0.34626636019021195
0,62,0.43285108145435686,0.35397963019611717
0,63,0.29843804767467835,0.31767599718821415
0,64,0.14686158912037456,0.3247844338867491
0,65,0.037968772314321476,0.35900220682957984
0,66,0.0022850891792738624,0.39136590235690516
0,67,0.0,0.41698398964452743
0,68,0.0,0.4420492586236279
0,69,0.0,0.4866348000157949
0,70,0.0,0.5740144300127251
0,71,0.0,0.6113335922948422
0,72,0.0,0.6183013073611793
0,73,0.0,0.608956747252923
0,74,0.0,0.5839456291062755
0,75,0.0,0.5257814262332958
0,76,0.0,0.43249430897123253
0,77,0.013546941044123273,0.3665863383752995
0,78,0.06791799992829721,0.28330806024183247
0,79,0.19754055596670952,0.2183423449263193
0,80,0.29602836625122836,0.1876187063532325
0,81,0.44419916239520296,0.2063263412668617
0,82,0.5520127061925254,0.19675731994795204
0,83,0.5790462150515533,0.21280888931233122
0,84,0.6064487830075141,0.21748332506828322
0,85,0.5312318164446018,0.2510717845736992
0,86,0.4615387348336057,0.29810869669941276
0,87,0.30303466631373055,0.24348391283564436
0,88,0.15651451969582322,0.12182060080273303
0,89,0.042369169961599666,0.07561429698106269
0,90,0.0024188061620422745,0.09810932987771523
0,91,0.0,0.08201888709997304
0,92,0.0,0.08507607585952275
0,93,0.0,0.09381632171764501
0,94,0.0,0.1410827713841136
0,95,0.0,0.18981162631948706
0,96,0.0,0.16541719287318649
0,97,0.0,0.14873763130799442
0,98,0.0,0.14282745934969138
0,99,0.0,0.11047754243264152
0,100,0.0,0.0630542083373504
0,101,0.013297970882334734,0.04115984200989407
0,102,0.054137533135735605,0.01851529672520427
0,103,0.16206827896039347,0.021528936830972043
0,104,0.2794779689894554,0.035881820298231955
0,105,0.3316925954429794,0.07235963674538896
0,106,0.35340190722805437,0.09782083463713384
0,107,0.39305832555424586,0.16304309212909615
0,108,0.3450348352694522,0.235343324613693
0,109,0.336821808318576,0.3198538073734817
0,110,0.22434770057909487,0.37360451375230325
0,111,0.12524033671705406,0.3958949176467297
0,112,0.0583620734937305,0.38106392751669305
0,113,0.020103669392872153,0.3690820847772679
0,114,0.0,0.34836349050283844
0,115,0.0,0.30524229153098503
0,116,0.0,0.2623492393245163
0,117,0.0,0.2366398476338351
0,118,0.0,0.21913204456625673
0,119,0.0,0.1863955268656531
0,120,0.0,0.12212824403993025
0,121,0.0,0.1482172702196765
0,122,0.0,0.18780939655766266
0,123,0.0,0.16574440258137435
0,124,0.0,0.16467086804010975
0,125,0.009220670687871647,0.19905910037278782
0,126,0.061229216816516004,0.17786329878295826
0,127,0.20034438680752323,0.21235389714994388
0,128,0.3034402760664134,0.28218440811668877
0,129,0.43089454940200195,0.31122643038723996
0,130,0.4658271707850725,0.41723946017888325
0,131,0.5119701962223676,0.4637911059426315
0,132,0.5188880345748171,0.5219239915345054
0,133,0.48900991854468945,0.5606064017686812
0,134,0.43393486813693033,0.5882413269265707
0,135,0.30472033771299223,0.555967778478514
0,136,0.12633350245278688,0.5772375817356796
0,137,0.03565919804331242,0.5531832375709068
0,138,0.006326954216392049,0.5360354838949469
0,139,0.0,0.5003114118191143
0,140,0.0,0.5279589731646539
0,141,0.0,0.5270218687201588
0,142,0.0,0.5187019424977373
0,143,0.0,0.4475387235159486
0,144,0.0,0.3147612598377292
0,145,0.0,0.22447390100476913
0,146,0.0,0.22939815727013524
0,147,0.0,0.224162732400361
0,148,0.0,0.2601305850468567
0,149,0.00988298910151222,0.28268882247526994
0,150,0.04339401596720023,0.3121987413168226
0,151,0.13710610629277625,0.3514786832876749
0,152,0.21114330741232626,0.36395938721830984
0,153,0.33951403154393045,0.39885201404134957
0,154,0.3587954643537024,0.5223869309847228
0,155,0.35612159995574727,0.538095569912175
0,156,0.32313180231785066,0.5477958108872706
0,157,0.30013591904240483,0.5179030910591579
0,158,0.21646839343168908,0.49627607708224536
0,159,0.17531725922723293,0.477589912263395
0,160,0.0866520169726864,0.48488298432644433
0,161,0.033461459830272655,0.4898531038931729
0,162,0.0028842117636858765,0.5206154606591573
0,163,0.0,0.5367259045251932
0,164,0.0,0.5352579212536428
0,165,0.0,0.491913795891098
0,166,0.0,0.5159572771068179
0,167,0.0,0.4997758987298428
1,0,0.0,0.8221343514581098
1,1,0.0,0.7811519762576619
1,2,0.0,0.7732690515248022
1,3,0.0,0.8347538647048086
1,4,0.0,0.8505534802096967
1,5,0.00022376028425878072,0.8650173776642752
1,6,0.04065509120806964,0.8843803608335452
1,7,0.13789228171776485,0.9188580051213678
1,8,0.26827710885753403,0.9163744131027247
1,9,0.35038233651736117,0.9347482718615963
1,10,0.4182353463154362,0.9391313227927824
1,11,0.48493572686673714,0.9271715586123606
1,12,0.4958713159546192,0.9234442110812401
1,13,0.441189474462359,0.9436099497942362
1,14,0.3775793951344349,0.965932423478585
1,15,0.2808222920613025,0.9597561812907824
1,16,0.1078005765301071,0.9499744011425492
1,17,0.022022504259076016,0.9528242190855715
1,18,0.0,0.9303306800306783
1,19,0.0,0.8702037429328628
1,20,0.0,0.8108091757273999
1,21,0.0,0.7234982152643772
1,22,0.0,0.7316900411410862
1,23,0.0,0.6904608877523466
1,24,0.0,0.6500544351162594
1,25,0.0,0.6099728725737243
1,26,0.0,0.5726181486620947
1,27,0.0,0.5633812743039375
1,28,0.0,0.5447195697469118
1,29,0.000881890253867735,0.5330278104638705
1,30,0.04673526861672372,0.5406621837698415
1,31,0.1830840471149006,0.5112823769312335
1,32,0.3091254078545637,0.4886312059057561
1,33,0.4070380226882963,0.5014486438723378
1,34,0.501794730772341,0.49339801770686037
1,35,0.509013219714198,0.4814245817078432
1,36,0.49819561541060553,0.5417638417759152
1,37,0.45338222100528003,0.5936096726688321
1,38,0.38580727538696546,0.6056397926982979
1,39,0.2887741765505159,0.633772260294323
1,40,0.12405006747417148,0.6467495505050264
1,41,0.024456472014748508,0.7093997092689556
1,42,0.0,0.7061249026586323
1,43,0.0,0.678274327845471
1,44,0.0,0.6727434774517749
1,45,0.0,0.6963220671647042
1,46,0.0,0.6390361488721664
1,47,0.0,0.5943268210214623
1,48,0.0,0.5514899884258099
1,49,0.0,0.5040468854520411
1,50,0.0,0.477038841116432
1,51,0.0,0.4719160404910849
1,52,0.0,0.5321605403276556
1,53,0.0017992787580402088,0.5234983293854433
1,54,0.05359648280935611,0.5614297358208324
1,55,0.19644745775837116,0.5374254719870268
1,56,0.3479186836242326,0.5524381718862457
1,57,0.4706219684291007,0.5149010353671664
1,58,0.587198262670262,0.5554866447062202
1,59,0.6119657301050035,0.6274627495401909
1,60,0.6015663963977296,0.6554847399012667
1,61,0.520541619413368,0.6653904232338272
1,62,0.39403167549366724,0.6869878882011762
1,63,0.2829830020051108,0.6738570414884292
1,64,0.13132665934437135,0.6360029199436611
1,65,0.025770461632111025,0.5621289953252625
1,66,0.0,0.5491891293896568
1,67,0.0,0.5132056702566845
1,68,0.0,0.5053069875421741
1,69,0.0,0.5249604242134173
1,70,0.0,0.5195302758906392
1,71,0.0,0.4414352871770166
1,72,0.0,0.36142353557336465
1,73,0.0,0.33490787042232906
1,74,0.0,0.33653294301371656
1,75,0.0,0.3704108862036378
1,76,0.0,0.3852341401456773
1,77,0.0005876771810688121,0.3789469327097823
1,78,0.04999494786250039,0.4046462375537378
1,79,0.2013366791833999,0.40579369801475146
1,80,0.3462024933145482,0.41946434314337977
1,81,0.5069545432046114,0.4026102876980028
1,82,0.6039924657426433,0.3101891404455358
1,83,0.6334812297434195,0.31439211080154505
1,84,0.5834629806952263,0.29186771143459633
1,85,0.5494103250151819,0.2848100579052962
1,86,0.4205160385396805,0.25408180369644934
1,87,0.2950882408944641,0.2686777142942332
1,88,0.13384293919905124,0.2577336507514193
1,89,0.025141548700930154,0.2584316883603454
1,90,0.0,0.29909560704509225
1,91,0.0,0.31814334117435883
1,92,0.0,0.3387328392085695
1,93,0.0,0.33043514428208914
1,94,0.0,0.3081866101768904
1,95,0.0,0.3065617238500613
1,96,0.0,0.2696698599157708
1,97,0.0,0.24886279370133554
1,98,0.0,0.2722720503041146
1,99,0.0,0.27930940099653595
1,100,0.0,0.23078417916888236
1,101,0.0,0.19031465735328026
1,102,0.05256344010355073,0.1651252386997534
1,103,0.2087716463827407,0.13448123381337054
1,104,0.3761028874264886,0.0928407784770901
1,105,0.5168972448804408,0.10531560327737631
1,106,0.6520942864971457,0.11761979390957099
1,107,0.7072029549714794,0.13199284361969993
1,108,0.7223299447120812,0.15231191345462375
1,109,0.5938330927664677,0.1684182526706719
1,110,0.5053051309933183,0.12580567701554035
1,111,0.3574679837549268,0.09060673533204655
1,112,0.18672253498853608,0.05871112155373793
1,113,0.029271567738134857,0.04222267223742152
1,114,0.0,0.04552572260841443
1,115,0.0,0.046042963920597604
1,116,0.0,0.055288627171948664
1,117,0.0,0.05610348711800999
1,118,0.0,0.12039241916292868
1,119,0.0,0.14947875687636109
1,120,0.0,0.13516314091152887
1,121,0.0,0.10925005557714636
1,122,0.0,0.12153818368513702
1,123,0.0,0.0884532991060252
1,124,0.0,0.09932838981414203
1,125,0.0019652456850108185,0.14024792866577332
1,126,0.05897980999343121,0.1303360725257435
1,127,0.2196475639514089,0.13827064097009847
1,128,0.354749388653593,0.23223525272292875
1,129,0.429401467643755,0.2705805632217413
1,130,0.4560362040962911,0.2804497759537436
1,131,0.5411462546337626,0.32664878068824743
1,132,0.574877332104502,0.3598957713126389
1,133,0.563072246037907,0.40779208203432427
1,134,0.48744756150523383,0.44021852884965124
1,135,0.3424611946992876,0.41220937956723985
1,136,0.17954245880141614,0.39805766151274025
1,137,0.02979734056074846,0.435426139199371
1,138,0.0,0.4497534637543518
1,139,0.0,0.4676983366084967
1,140,0.0,0.4832947449306222
1,141,0.0,0.47982476659059087
1,142,0.0,0.45241759828427686
1,143,0.0,0.4153305626202783
1,144,0.0,0.38361287852715703
1,145,0.0,0.3623417416157523
1,146,0.0,0.3861644571096598
1,147,0.0,0.3871595270847662
1,148,0.0,0.3448640761537423
1,149,0.001362442961341351,0.28743265916396266
1,150,0.048732634288873956,0.2372532217920954
1,151,0.19430091403424482,0.22790348042470315
1,152,0.36076549422324616,0.24569050524137603
1,153,0.49322505151130264,0.31294533064557256
1,154,0.6143298027261744,0.2450890234542954
1,155,0.675837485052052,0.2713150267277315
1,156,0.6888276845599425,0.3399056502759977
1,157,0.5924255470140417,0.3726268086011057
1,158,0.45811600733410907,0.38023179308503363
1,159,0.3177548754816957,0.38807670867208194
1,160,0.1531168577381281,0.3935555428251661
1,161,0.025436654351815597,0.44332668455946683
1,162,0.0,0.4735666238764073
1,163,0.0,0.509736299139114
1,164,0.0,0.5567628251530444
1,165,0.0,0.5966524308921514
1,166,0.0,0.6451993003867962
1,167,0.0,0.5644623239992564
2,0,0.0,0.4949671247168106
2,1,0.0,0.4425741400866888
2,2,0.0,0.3644508588509961
2,3,0.0,0.3505971012923627
2,4,0.0,0.39430845876269216
2,5,0.0,0.484120835166055
2,6,0.0,0.5703770911929157
2,7,0.00845227734339879,0.6489055734135811
2,8,0.05189943839238642,0.685710121844682
2,9,0.1809682774428617,0.6410794987527194
2,10,0.23702811334368695,0.60692517780742
2,11,0.2848768619959272,0.625701539376088
2,12,0.26365064470991395,0.6036390963372773
2,13,0.21003452910252896,0.6017254206492593
2,14,0.12701713608243734,0.6512249269238418
2,15,0.03725240046491876,0.6538328691617527
2,16,0.005179043098920434,0.6684169029991007
2,17,0.0,0.6944145733312911
2,18,0.0,0.6750289925457815
2,19,0.0,0.6670552005106933
2,20,0.0,0.662959185392924
2,21,0.0,0.6422135284746947
2,22,0.0,0.5954976363971921
2,23,0.0,0.6234791030409164
2,24,0.0,0.6765774619748322
2,25,0.0,0.7301652432765009
2,26,0.0,0.7753733929367654
2,27,0.0,0.7770932002148006
2,28,0.0,0.7708841744003297
2,29,0.0,0.733885825678856
2,30,0.0,0.7293460368469666
2,31,0.01744567351781782,0.7486041232674606
2,32,0.08452924274587689,0.7635103202852246
2,33,0.24966959340656542,0.7274209936990342
2,34,0.3379891606974369,0.7670239042227741
2,35,0.3822435756042801,0.7456979618920396
2,36,0.35211477357786725,0.8163949539428502
2,37,0.25922963207535515,0.8616957718175319
2,38,0.14005080096830763,0.8450982244887989
2,39,0.04428710204135489,0.8552372068418275
2,40,0.0021266055751136144,0.8299680161336391
2,41,0.0,0.7878947905289871
2,42,0.0,0.743127698313395
2,43,0.0,0.7178482556039053
2,44,0.0,0.7083791614953505
2,45,0.0,0.6985761620886107
2,46,0.0,0.7160748467077729
2,47,0.0,0.7075398427509716
2,48,0.0,0.7005535125820509
2,49,0.0,0.6837452031800618
2,50,0.0,0.6568167039224454
2,51,0.0,0.6223173230928282
2,52,0.0,0.5991835714629246
2,53,0.0,0.6194495045428705
2,54,0.0,0.6478108231617064
2,55,0.012166630338425688,0.6580388719047745
2,56,0.06530201891014888,0.6402841937913342
2,57,0.2293632006119794,0.6591881774492865
2,58,0.31463923375201697,0.6210725649448415
2,59,0.38405665011725204,0.6024580896292743
2,60,0.37907326828609356,0.5851695284620247
2,61,0.3077357079655613,0.5978875277635796
2,62,0.1520332841185635,0.599861293462545
2,63,0.03909695585073907,0.5813415469795963
2,64,0.0,0.5587301109741113
2,65,0.0,0.5576516668538737
2,66,0.0,0.5658655294244088
2,67,0.0,0.5599786327305487
2,68,0.0,0.550567516925032
2,69,0.0,0.5169950311133652
2,70,0.0,0.4967642520096408
2,71,0.0,0.4659195819195346
2,72,0.0,0.43843340444497225
2,73,0.0,0.40666923031459773
2,74,0.0,0.3996371365402023
2,75,0.0,0.3843282419331322
2,76,0.0,0.3699804894779263
2,77,0.0,0.3718244660325152
2,78,0.0,0.37093062179782865
2,79,0.022573061640265006,0.3548854350989882
2,80,0.12271795961095443,0.3422633184059458
2,81,0.29287272029132777,0.30916793382757796
2,82,0.43950549909235187,0.3117941406359129
2,83,0.47931734968784034,0.26203625242322737
2,84,0.46737615464373383,0.26139662631548416
2,85,0.36741500586388215,0.29057088435973677
2,86,0.22356231540564,0.29366574131225853
2,87,0.07130345543118166,0.3190464736243021
2,88,0.01955380647958006,0.3085734667637712
2,89,0.0,0.32855470670626213
2,90,0.0,0.3373856861109202
2,91,0.0,0.341085496289709
2,92,0.0,0.3563849691032246
2,93,0.0,0.37678095103356013
2,94,0.0,0.36193093566412143
2,95,0.0,0.36324485224613295
2,96,0.0,0.39074540295839955
2,97,0.0,0.4144872328016778
2,98,0.0,0.42707691604542175
2,99,0.0,0.4394161362557222
2,100,0.0,0.4708706641840135
2,101,0.0,0.49079410463744255
2,102,0.0,0.49554577100120134
2,103,0.032487408506911016,0.4752086784736874
2,104,0.06962158296003859,0.4491709112360768
2,105,0.17326280719713003,0.3949738127956271
2,106,0.22143797061552073,0.3359293229095041
2,107,0.2623274106615497,0.30007890456791564
2,108,0.25172434491349366,0.2536570422719098
2,109,0.20220630199998946,0.22704414329603567
2,110,0.11689368316049116,0.22063285758712833
2,111,0.0530782829585307,0.1829081835243181
2,112,0.016376211033758796,0.17100094169192315
2,113,0.0,0.20156680247588574
2,114,0.0,0.22216160000287855
2,115,0.0,0.18901712247309838
2,116,0.0,0.18188301106781715
2,117,0.0,0.1793466987285306
2,118,0.0,0.16372928402167966
2,119,0.0,0.16245518122295957
2,120,0.0,0.15947396480977516
2,121,0.0,0.1377103071527326
2,122,0.0,0.15795378630624124
2,123,0.0,0.18718366188329896
2,124,0.0,0.20597330251843615
2,125,0.0,0.21338699383294873
2,126,0.0,0.2238249957289049
2,127,0.02417455371796409,0.20662335518398087
2,128,0.08579468268631274,0.1634369551016944
2,129,0.1922164775679875,0.10992043010516393
2,130,0.25524555726950227,0.044112920500591804
2,131,0.31149950024804984,0.04068849395662316
2,132,0.29394277180189576,0.048999097017008934
2,133,0.21792760863667276,0.05232521259480642
2,134,0.13592040721216211,0.04041758013902305
2,135,0.033041987829256846,0.04931346742048062
2,136,0.006106599502995628,0.09333541572029719
2,137,0.0,0.08568430095580633
2,138,0.0,0.07310423747823318
2,139,0.0,0.09199775732547232
2,140,0.0,0.1299585999473209
2,141,0.0,0.15115674776100857
2,142,0.0,0.265111524987882
2,143,0.0,0.2948759074708056
2,144,0.0,0.3430594450601263
2,145,0.0,0.37438278739203656
2,146,0.0,0.400959470151521
2,147,0.0,0.4239978415550356
2,148,0.0,0.4627163934997777
2,149,0.0,0.5386568116362176
2,150,0.0,0.5791048481010868
2,151,0.004687621673392821,0.6345426898900101
2,152,0.041231476693445714,0.7166338958318692
2,153,0.09767202049139989,0.7618076876638538
2,154,0.11367014388920504,0.7496939859373201
2,155,0.12002096162248005,0.7449205809030287
2,156,0.10630180093788573,0.7601810935571154
2,157,0.07404779485134534,0.7590972594727387
2,158,0.036378511872352776,0.735472144066198
2,159,0.017723792923624727,0.7240862237376636
2,160,0.0,0.7993804124216682
2,161,0.0,0.7376516480171842
2,162,0.0,0.7195110467683933
2,163,0.0,0.7206590410104131
2,164,0.0,0.7551336348169515
2,165,0.0,0.7799349374690898
2,166,0.0,0.6971728300035583
2,167,0.0,0.6376242422312091
3,0,0.0,0.23378420333542235
3,1,0.0,0.19380291818061213
3,2,0.0,0.1535790023283467
3,3,0.0,0.16194643346377316
3,4,0.0,0.14147540217230847
3,5,0.0010295392786503427,0.09957610367139925
3,6,0.05725609459125289,0.05158195686946956
3,7,0.2541296072486485,0.010869184716314251
3,8,0.44004918647059893,0.005849532436420451
3,9,0.5859350045691422,0.007257052214409522
3,10,0.6353941286029315,0.006470581625814577
3,11,0.6070243567012549,0.008425002552962736
3,12,0.6076619699549631,0.015089392615450831
3,13,0.5512845773294414,0.02933602984720826
3,14,0.4685737320276939,0.04140877776265518
3,15,0.32888199575246385,0.04428023343855881
3,16,0.1855608858216136,0.07478610390746157
3,17,0.03436718119236391,0.10940387129736726
3,18,0.0,0.15200369093464952
3,19,0.0,0.16594425700208365
3,20,0.0,0.22135300604091449
3,21,0.0,0.23483187938890956
3,22,0.0,0.31398130804302093
3,23,0.0,0.30402165765903877
3,24,0.0,0.2634812410689366
3,25,0.0,0.21071447846225919
3,26,0.0,0.18013386126778613
3,27,0.0,0.20693282611998426
3,28,0.0,0.3183720554257652
3,29,0.005960367842372541,0.38306216376638275
3,30,0.09434301540655665,0.36281704406560056
3,31,0.29921023644593653,0.3770011845709198
3,32,0.447002988668187,0.39554995568435114
3,33,0.6155118845230058,0.39717061628922934
3,34,0.7601166643244739,0.4023171010740741
3,35,0.7824633367190604,0.3454542069786269
3,36,0.7724969842031015,0.2925718013999106
3,37,0.7486316363112892,0.3456412662659296
3,38,0.5760985677303635,0.2838609878255619
3,39,0.3441319020158631,0.22627930128231455
3,40,0.1914982937299796,0.1720281641229367
3,41,0.036548112354702074,0.14993487283491813
3,42,0.0,0.21390469861126732
3,43,0.0,0.2885468478077698
3,44,0.0,0.42203348771551474
3,45,0.0,0.526573780764074
3,46,0.0,0.57801953525351
3,47,0.0,0.5596582803964317
3,48,0.0,0.5746313282964327
3,49,0.0,0.6096668274864393
3,50,0.0,0.6458437360228353
3,51,0.0,0.6439473939372381
3,52,0.0,0.6293499745965303
3,53,0.00967803553787551,0.664486324869102
3,54,0.05767724637759961,0.6329026308070336
3,55,0.20568013941459576,0.6432739805029483
3,56,0.31044263141884754,0.7113947740540955
3,57,0.36166611262492737,0.7793823909294287
3,58,0.3989175004459453,0.9253089403459653
3,59,0.42415645761702103,0.9713400288227273
3,60,0.43467246953155764,0.9876923086574356
3,61,0.36929336611487773,0.9962558490541813
3,62,0.3745596870088641,0.992038541294221
3,63,0.301157735120752,0.990898423382104
3,64,0.15155733165007168,0.9791016481409693
3,65,0.02470772461453644,0.9802857145547869
3,66,0.0,0.9813807713449068
3,67,0.0,0.9821847189818071
3,68,0.0,0.9865582505522893
3,69,0.0,0.9858943142587369
3,70,0.0,0.9968417032448021
3,71,0.0,0.9879432840071123
3,72,0.0,0.9758712941884187
3,73,0.0,0.9697065432821133
3,74,0.0,0.9649986891808352
3,75,0.0,0.945544066332301
3,76,0.0,0.9079897934738379
3,77,0.008213927771042438,0.9355340798140243
3,78,0.039438209588153,0.9467319673124968
3,79,0.08018413712864864,0.9029606503938058
3,80,0.23569247366796814,0.9335399662198967
3,81,0.31317767306264843,0.9038752640137414
3,82,0.4608653389355918,0.9555730071320527
3,83,0.5379671826237324,0.9482292164714822
3,84,0.621324669430107,0.9036708796389689
3,85,0.5260772460272674,0.7284680119725377
3,86,0.39597558243343534,0.7910506187899106
3,87,0.2905652739894154,0.8183033390078271
3,88,0.1447116789362607,0.8170719266267612
3,89,0.03449106059945177,0.7610337921282196
3,90,0.0,0.7364676724295129
3,91,0.0,0.7362842291581729
3,92,0.0,0.7516972985171113
3,93,0.0,0.7922731898132652
3,94,0.0,0.8322452859165219
3,95,0.0,0.8230045968602061
3,96,0.0,0.7326843263215193
3,97,0.0,0.6848029900285751
3,98,0.0,0.6007188966455677
3,99,0.0,0.6106588079534017
3,100,0.0,0.679791350849989
3,101,0.008694275609019343,0.6666326886298364
3,102,0.09671262552693705,0.617969200136866
3,103,0.297524462499184,0.6706664736455783
3,104,0.4899189705545624,0.6598997463801125
3,105,0.6684970980988322,0.6103346380828089
3,106,0.7711428142716098,0.671906369756403
3,107,0.8025120980027097,0.7104197610466506
3,108,0.7861218924385258,0.6827819748651425
3,109,0.7423324156532941,0.7223839657741475
3,110,0.5993819130595798,0.8714316535402286
3,111,0.40995704408968026,0.9403108766372291
3,112,0.21173975389594957,0.9412578754550727
3,113,0.04152244789683411,0.9257575647439787
3,114,0.0,0.8560877255854129
3,115,0.0,0.8424603720654757
3,116,0.0,0.8338455716622254
3,117,0.0,0.8093085986416357
3,118,0.0,0.889331727284522
3,119,0.0,0.9120620830991172
3,120,0.0,0.9202643199228838
3,121,0.0,0.9147419681601109
3,122,0.0,0.9141610611561644
3,123,0.0,0.8597491602980917
3,124,0.0,0.8247932929321434
3,125,0.008044512588910684,0.7470143790314003
3,126,0.0733627250864773,0.6064748986705476
3,127,0.23626953522242744,0.5784931141353102
3,128,0.3738322949543445,0.5189193902268806
3,129,0.47706653960698886,0.3902627045638144
3,130,0.5882883237990506,0.39923677204753766
3,131,0.5731981733093063,0.3604162478849831
3,132,0.5541647403016459,0.35264656206959344
3,133,0.5220972169828346,0.34720379246033006
3,134,0.44643533209797337,0.3313718910986318
3,135,0.3138003413067281,0.3105465101110391
3,136,0.1760195788641408,0.28706292029000985
3,137,0.03506853834351759,0.2883637820326017
3,138,0.0,0.3008067909836472
3,139,0.0,0.3021821585496469
3,140,0.0,0.33087496705883057
3,141,0.0,0.3557166490289388
3,142,0.0,0.40834158235017703
3,143,0.0,0.45286992810524107
3,144,0.0,0.4653240135886999
3,145,0.0,0.4225338191549732
3,146,0.0,0.3568613763679971
3,147,0.0,0.2506264036625315
3,148,0.0,0.14500594505442432
3,149,0.008870290032792712,0.08823577593973561
3,150,0.08353640938878089,0.010974870605936493
3,151,0.2486338690544988,0.002687542311070791
3,152,0.46466745010136057,0.004289276651767938
3,153,0.6998652343679835,0.003872155333757496
3,154,0.7757154047376974,0.007194680130005067
3,155,0.8175022378183991,0.014584259586114683
3,156,0.7917024335908665,0.018229157420847186
3,157,0.6898280072444404,0.025438987852694158
3,158,0.5147858341921837,0.09476367319638608
3,159,0.34942903461985236,0.16907342211233659
3,160,0.20975797205676516,0.1205790668055571
3,161,0.04636203086401561,0.1908763791076994
3,162,0.0,0.3034150411789615
3,163,0.0,0.3900538796419668
3,164,0.0,0.46153877999984655
3,165,0.0,0.46440510843333593
3,166,0.0,0.534893081137579
3,167,0.0,0.5689438318925487
4,0,0.0,0.8822923276819569
4,1,0.0,0.7329678607160254
4,2,0.0,0.5901328956724148
4,3,0.0,0.534531390134318
4,4,0.0,0.5090421581847522
4,5,0.0,0.5759238006833088
4,6,0.0015875396982534139,0.7519716140577343
4,7,0.040944357996377655,0.890208794936515
4,8,0.11430040702536912,0.9367709410543089
4,9,0.22245337607762927,0.882533562636987
4,10,0.312542654839512,0.8521366619018732
4,11,0.3406183344314733,0.8586382784710802
4,12,0.30590602211401097,0.8243522184575687
4,13,0.23865518073114816,0.7962184172073047
4,14,0.12576275113377097,0.7969971669747287
4,15,0.041811062467687336,0.7413991334080026
4,16,0.0027415008931979123,0.8236414180010927
4,17,0.0,0.8912949259289904
4,18,0.0,0.8737338139447637
4,19,0.0,0.8493319348831774
4,20,0.0,0.8829021727477152
4,21,0.0,0.9050058451804621
4,22,0.0,0.9361260931527136
4,23,0.0,0.9226124951239555
4,24,0.0,0.8633590270468626
4,25,0.0,0.8330084540327437
4,26,0.0,0.8376375604457342
4,27,0.0,0.8787260915433738
4,28,0.0,0.9103455285324584
4,29,0.0,0.8816504302109686
4,30,0.0,0.8532758410406152
4,31,0.03524819179247581,0.9244661404056851
4,32,0.11049875526237214,0.8807561368126038
4,33,0.2646836110556876,0.7152315855409668
4,34,0.368259136888237,0.6427725116079192
4,35,0.4003579161553659,0.5685834571588345
4,36,0.38090097054455097,0.4743651661158195
4,37,0.26070696047781966,0.42641391852524435
4,38,0.12164279255003362,0.32604215427406036
4,39,0.03481812314689277,0.26590457029407993
4,40,0.0,0.29291311754399707
4,41,0.0,0.2900655943803357
4,42,0.0,0.32196904011766875
4,43,0.0,0.3715453416731756
4,44,0.0,0.4521473433110295
4,45,0.0,0.4791313855956277
4,46,0.0,0.5458387366214863
4,47,0.0,0.654543314119014
4,48,0.0,0.6917242084940507
4,49,0.0,0.6808412173746842
4,50,0.0,0.6888400433664376
4,51,0.0,0.8372450488668568
4,52,0.0,0.8385943642299385
4,53,0.0,0.813480149891914
4,54,0.0,0.8539909628348487
4,55,0.02152455722902574,0.8683307708405413
4,56,0.06205023551479468,0.824064879299014
4,57,0.11593331553429909,0.6662994687852268
4,58,0.2535719936847803,0.6227604113533726
4,59,0.3436009189466124,0.5949336933048665
4,60,0.34143217764371137,0.5593187325238875
4,61,0.214939902501436,0.5796049099004222
4,62,0.04947312825230668,0.6007660091612359
4,63,0.010246487661178704,0.6044832537027022
4,64,0.0,0.6129024713524519
4,65,0.0,0.6523837330252071
4,66,0.0,0.6242142583866953
4,67,0.0,0.5845132492383811
4,68,0.0,0.6043134400299908
4,69,0.0,0.6816307257830083
4,70,0.0,0.6913004938763301
4,71,0.0,0.6820114058371285
4,72,0.0,0.6756002840410327
4,73,0.0,0.6710727141641823
4,74,0.0,0.7145972578616367
4,75,0.0,0.8318238859463817
4,76,0.0,0.8691744747848124
4,77,0.0,0.9071110966278397
4,78,0.0,0.8746848807805655
4,79,0.02286653451500068,0.7933148656644408
4,80,0.0720643375811261,0.6696595175081109
4,81,0.1845308609480824,0.5895426158358834
4,82,0.2456663915427925,0.5764872435222486
4,83,0.24650237161316224,0.4944775139557614
4,84,0.23048276476335142,0.4577551209673944
4,85,0.20343164357095536,0.4532817987805673
4,86,0.0959698672263989,0.4583733702900331
4,87,0.019820667119825112,0.36862734345115283
4,88,0.0,0.3174050741460836
4,89,0.0,0.2977166122872562
4,90,0.0,0.21253265524675524
4,91,0.0,0.1316258391094662
4,92,0.0,0.07331955425212967
4,93,0.0,0.036230817992711745
4,94,0.0,0.010490160554119252
4,95,0.0,0.003431884435532337
4,96,0.0,0.0024175746703074463
4,97,0.0,0.0020250345114618
4,98,0.0,0.002533547990301822
4,99,0.0,0.008277192312549421
4,100,0.0,0.027921013075959195
4,101,0.0,0.10127327306457123
4,102,0.0,0.17374896552152994
4,103,0.0,0.15582095706051344
4,104,0.021778153559955646,0.22503281016435456
4,105,0.0384682598563488,0.28429722687219744
4,106,0.04711591457326986,0.3797175799689106
4,107,0.059517982843508004,0.41655096428240823
4,108,0.04278603665532532,0.48087435992726707
4,109,0.026533991371580166,0.5696696030524747
4,110,0.012895621115523274,0.6350724688691963
4,111,0.0,0.7913788914478455
4,112,0.0,0.908476400940625
4,113,0.0,0.9549940074771853
4,114,0.0,0.9630992426859296
4,115,0.0,0.973150748816064
4,116,0.0,0.972088280873103
4,117,0.0,0.967016013822482
4,118,0.0,0.96824054683252
4,119,0.0,0.9620810461032374
4,120,0.0,0.9577305467662982
4,121,0.0,0.9564674346408996
4,122,0.0,0.9538664810492243
4,123,0.0,0.9460522357843819
4,124,0.0,0.9060805916831208
4,125,0.0,0.8177932324043375
4,126,0.0,0.6928297706052711
4,127,0.0,0.6122355101224691
4,128,0.012721898592661294,0.588946584149785
4,129,0.03609105303350518,0.5461278490186382
4,130,0.09352308875724277,0.48183769042160174
4,131,0.13958363450196357,0.4665869742189241
4,132,0.14212320501466363,0.46904279046660086
4,133,0.10279844704672715,0.5106528250751838
4,134,0.04800430295249309,0.4803797530185738
4,135,0.01284247667886486,0.4685238201536532
4,136,0.0,0.4611538307620449
4,137,0.0,0.42311937532230043
4,138,0.0,0.3572436806490677
4,139,0.0,0.2912851355002053
4,140,0.0,0.2784395492335401
4,141,0.0,0.20489330867707167
4,142,0.0,0.22173070089504357
4,143,0.0,0.16095793986934626
4,144,0.0,0.1470567141184352
4,145,0.0,0.08317027091347103
4,146,0.0,0.029485158995916364
4,147,0.0,0.010444819336792324
4,148,0.0,0.007697411976351155
4,149,0.0,0.012558783076064235
4,150,0.0,0.03457035513520538
4,151,0.008764831200221944,0.0802107468707718
4,152,0.028421675420585574,0.11895257363646985
4,153,0.06428234334581837,0.2087262905646197
4,154,0.19563375427610213,0.2817168517889474
4,155,0.19971968834076767,0.21310189091346504
4,156,0.22733457072501326,0.3132810576111397
4,157,0.14419687608319814,0.3029556010189168
4,158,0.04756615541391839,0.3159435530129498
4,159,0.002659863075087506,0.37625686642802003
4,160,0.0,0.4761820651254442
4,161,0.0,0.5820365117554913
4,162,0.0,0.67574337992547
4,163,0.0,0.7218948499446396
4,164,0.0,0.7371758751162794
4,165,0.0,0.7182783521775855
4,166,0.0,0.6562007408642164
4,167,0.0,0.5830588359608003
5,0,0.0,0.5027935663720712
5,1,0.0,0.46027666327224853
5,2,0.0,0.4312689742785347
5,3,0.0,0.41801096698686097
5,4,0.0,0.42115400408802145
5,5,0.0,0.3895057989104027
5,6,0.0,0.37513516039498385
5,7,0.0,0.36557526752955805
5,8,0.023212597237478653,0.353192703662927
5,9,0.05504672089136823,0.3437331701416316
5,10,0.10215967530572588,0.23416483620252113
5,11,0.12958827643569637,0.25718230318785157
5,12,0.10978911162639088,0.197469640819931
5,13,0.0749329208857887,0.19435353608381603
5,14,0.033905694005157375,0.19575839255801517
5,15,0.0,0.20234476099146506
5,16,0.0,0.1806742713764776
5,17,0.0,0.17227918616292962
5,18,0.0,0.15639971233627997
5,19,0.0,0.123583260317975
5,20,0.0,0.0771430012569271
5,21,0.0,0.06770920353715333
5,22,0.0,0.10597839106366083
5,23,0.0,0.130974227569222
5,24,0.0,0.1183816213555888
5,25,0.0,0.16642176482430487
5,26,0.0,0.19838954783026705
5,27,0.0,0.2103853579280536
5,28,0.0,0.23594621828612727
5,29,0.0,0.27734009510972285
5,30,0.0,0.322517973692558
5,31,0.0,0.3325409679341908
5,32,0.0,0.3167870453606822
5,33,0.026890831465913607,0.2630170538945298
5,34,0.10370222918930003,0.2971500223223356
5,35,0.17097610886591455,0.3046097718596363
5,36,0.11220462185517528,0.31531549276348486
5,37,0.07066725969647226,0.2556946185897699
5,38,0.03976967287776288,0.25476959600959864
5,39,0.004487905619410781,0.27015055137182614
5,40,0.0,0.27346500849125055
5,41,0.0,0.2642911481782987
5,42,0.0,0.23947116031714483
5,43,0.0,0.20440238682640416
5,44,0.0,0.2031513818973094
5,45,0.0,0.21673258502011128
5,46,0.0,0.2525803198748143
5,47,0.0,0.24064052921553158
5,48,0.0,0.2054684399895877
5,49,0.0,0.18235942620891954
5,50,0.0,0.19160336371913592
5,51,0.0,0.1760293488672939
5,52,0.0,0.15411396904158
5,53,0.0,0.179790542903872
5,54,0.0,0.2316594184479689
5,55,0.0,0.25951272613473275
5,56,0.020938090138779526,0.2497432543485266
5,57,0.08272554455785579,0.23830281661888816
5,58,0.15054888538147593,0.30743502970303044
5,59,0.1985885095415636,0.3337606431645425
5,60,0.1907927858320156,0.31361659905720646
5,61,0.12109419724325089,0.3056516970569674
5,62,0.045590496708161725,0.3015628860137002
5,63,0.0071693812037360236,0.28551192064319614
5,64,0.0,0.2666829698841338
5,65,0.0,0.28646116953690676
5,66,0.0,0.2910190752048158
5,67,0.0,0.26793265904038727
5,68,0.0,0.2286508449865456
5,69,0.0,0.20056142834540208
5,70,0.0,0.20907474983034902
5,71,0.0,0.17316862029149183
5,72,0.0,0.12922064360832933
5,73,0.0,0.10084214139213031
5,74,0.0,0.11243645674391123
5,75,0.0,0.10658233675832163
5,76,0.0,0.08271810140420355
5,77,0.0,0.0764645586795572
5,78,0.0,0.0924435335432516
5,79,0.0,0.0898528669706143
5,80,0.028785651937490258,0.07267450481228208
5,81,0.11105738905468103,0.05931183397505965
5,82,0.2256994156457193,0.08784322363100809
5,83,0.2660094618676696,0.1442167227484622
5,84,0.22817833544987648,0.1756921861745098
5,85,0.15535007292064731,0.24421527391914793
5,86,0.0687476858375112,0.296506923817474
5,87,0.019305051421218578,0.32754305471509815
5,88,0.0,0.34771791145076275
5,89,0.0,0.3679242275253031
5,90,0.0,0.40176648913133606
5,91,0.0,0.433559944901805
5,92,0.0,0.45536360920578467
5,93,0.0,0.46700233077337483
5,94,0.0,0.5308347449629075
5,95,0.0,0.5338474743591605
5,96,0.0,0.48564679915321346
5,97,0.0,0.4695437929551754
5,98,0.0,0.4571486972090471
5,99,0.0,0.4465936777440893
5,100,0.0,0.4369123612481392
5,101,0.0,0.42791823580334365
5,102,0.0,0.42901168028744485
5,103,0.0,0.43437185572111126
5,104,0.02379935885017999,0.3778690681384139
5,105,0.06624228142854761,0.3820506270108922
5,106,0.1344578346831902,0.3493134000148498
5,107,0.16407553134557548,0.32924254446796375
5,108,0.14081218897841252,0.3236792482782898
5,109,0.10525819264847837,0.32123422047384265
5,110,0.05617318649064699,0.36087764258112853
5,111,0.011199152005391597,0.3924202789674442
5,112,0.0,0.4053223987627949
5,113,0.0,0.4099676580383004
5,114,0.0,0.44442086739627795
5,115,0.0,0.45403761714566265
5,116,0.0,0.45906524030689744
5,117,0.0,0.44836402849548157
5,118,0.0,0.42516214618616854
5,119,0.0,0.4035434887824095
5,120,0.0,0.41105285621786686
5,121,0.0,0.43030752133095007
5,122,0.0,0.4514120080869054
5,123,0.0,0.487239593586726
5,124,0.0,0.5075660696730258
5,125,0.0,0.49862754345389
5,126,0.0,0.5431841328764916
5,127,0.0,0.5717262290192636
5,128,0.010688175609521915,0.580384693808675
5,129,0.06004540711238048,0.5919122288458771
5,130,0.1179989554069842,0.5731271947993645
5,131,0.13262841585467422,0.5396577066894718
5,132,0.10123424393497962,0.5295242173314921
5,133,0.0633202289435952,0.5547351581096979
5,134,0.030819460029955923,0.5676407111333911
5,135,0.003614682083364304,0.586906385226941
5,136,0.0,0.6077897893629818
5,137,0.0,0.6533707593516185
5,138,0.0,0.7028620035690064
5,139,0.0,0.7393299815221822
5,140,0.0,0.7896961148412868
5,141,0.0,0.7854342982958334
5,142,0.0,0.7950880535975885
5,143,0.0,0.8203087635793593
5,144,0.0,0.8572931205329448
5,145,0.0,0.8993903353097438
5,146,0.0,0.8935505807919656
5,147,0.0,0.8869189485806788
5,148,0.0,0.8765682538858346
5,149,0.0,0.8669017670289758
5,150,0.0,0.848080415863901
5,151,0.0,0.8436391714142839
5,152,0.020568599513820958,0.826358576835421
5,153,0.06713943383883056,0.8039883225665208
5,154,0.16062962762046537,0.72568350086726
5,155,0.21271365419753557,0.7788653046204024
5,156,0.20664614075914509,0.7980752543185089
5,157,0.16684860981527894,0.8012027286432761
5,158,0.07264850283588878,0.7570872464778112
5,159,0.018815940088224143,0.768563992385313
5,160,0.0,0.7830089668508624
5,161,0.0,0.8065716838431729
5,162,0.0,0.7536976606662955
5,163,0.0,0.7130433018237502
5,164,0.0,0.6616163784328277
5,165,0.0,0.6165549464915132
5,166,0.0,0.6312786383017327
5,167,0.0,0.6143306377185626
6,0,0.0,0.09733929915427564
6,1,0.0,0.10182822472316998
6,2,0.0,0.1614677124383942
6,3,0.0,0.17153681808578128
6,4,0.003241068494772941,0.16035918499540228
6,5,0.027746997994090805,0.0837667328706996
6,6,0.14578241754914326,0.07949842152844348
6,7,0.2577982748106557,0.13714908618388374
6,8,0.4125883543049743,0.1571416460444779
6,9,0.536750015175261,0.184916580062188
6,10,0.6395834112373637,0.20969839784495173
6,11,0.685876340626504,0.1929398576234199
6,12,0.6609443769753863,0.17863726900181054
6,13,0.628841922639232,0.19999684432560044
6,14,0.5242867973256419,0.24188746538161005
6,15,0.388733196177654,0.2755316614517538
6,16,0.23218409923836672,0.2111246888994871
6,17,0.07622480810774998,0.10257885847636718
6,18,0.01702325800570596,0.10857367836328952
6,19,0.0,0.13274011591849771
6,20,0.0,0.15033180385088735
6,21,0.0,0.15514202026118157
6,22,0.0,0.1475547706467522
6,23,0.0,0.13951340555512434
6,24,0.0,0.13395838795584197
6,25,0.0,0.10332277366693858
6,26,0.0,0.08901773194109354
6,27,0.0,0.12093104100768201
6,28,0.0056527992575488495,0.11340385860896594
6,29,0.02616833228642605,0.07022016539420171
6,30,0.12858806254428964,0.11580616353250738
6,31,0.2917469340346949,0.07371915692274994
6,32,0.41519868357791806,0.05050166340825811
6,33,0.5442474417316686,0.05814919599484775
6,34,0.6580838953355913,0.07886049087166981
6,35,0.7265159220167671,0.17496385251096402
6,36,0.7312780599588113,0.23321844584890203
6,37,0.6648781841660577,0.21451504410780617
6,38,0.5394466578778544,0.22000195345038392
6,39,0.4255870387017026,0.1856163511732721
6,40,0.27147574351071596,0.1420945480483554
6,41,0.08854757290055545,0.07444900168857076
6,42,0.01608681456698448,0.06563280831935768
6,43,0.0,0.10450318122394509
6,44,0.0,0.16737258951618036
6,45,0.0,0.22566980515216256
6,46,0.0,0.27447780638197855
6,47,0.0,0.24788513946245078
6,48,0.0,0.2299789699000389
6,49,0.0,0.17415946777323293
6,50,0.0,0.12645097629824903
6,51,0.0,0.07190601424838869
6,52,0.004937734754629837,0.05476034549372066
6,53,0.0327646033065253,0.020117383959629566
6,54,0.17716223874182943,0.024228507572273694
6,55,0.32510579790666305,0.04170929327607972
6,56,0.4501794138038305,0.03197624397208738
6,57,0.5807285997172341,0.027690330163389752
6,58,0.6794460981067187,0.014326130358016647
6,59,0.7035521731781325,0.01884517622539755
6,60,0.6912336821526714,0.030114698123887815
6,61,0.6494797971454264,0.05734607971876014
6,62,0.5470364160646934,0.05257821924819141
6,63,0.4276416280500401,0.06267115092658154
6,64,0.2772684020044831,0.0498316213624775
6,65,0.09497657384089757,0.06385422641294793
6,66,0.014186347881819166,0.06474448345832966
6,67,0.0,0.05334545662413507
6,68,0.0,0.07604568135242132
6,69,0.0,0.09437939885716826
6,70,0.0,0.16419237301572842
6,71,0.0,0.1332654862816761
6,72,0.0,0.11150132384767994
6,73,0.0,0.051296042324346494
6,74,0.0,0.0283250812841495
6,75,0.0,0.03071967904592076
6,76,0.004184015934081301,0.02642712723401891
6,77,0.032170839174733484,0.015250154218669161
6,78,0.16855241739609,0.009093700311902465
6,79,0.3205832052860836,0.013810036280293491
6,80,0.45956490555996105,0.014819227049191475
6,81,0.5674844884740504,0.01953259380529922
6,82,0.6464802839596653,0.04337166534531087
6,83,0.6426089677663784,0.05410386071383186
6,84,0.5968321422149387,0.06165389715299641
6,85,0.5585423190139807,0.09655897234692296
6,86,0.47501051263493355,0.12254057354695227
6,87,0.3714248104076512,0.13603558920247052
6,88,0.23458891083390884,0.1434498511961115
6,89,0.08191545761852918,0.11698158354551856
6,90,0.015684188149040542,0.14647618833595163
6,91,0.0,0.21576839969562947
6,92,0.0,0.24646264944667295
6,93,0.0,0.2957801811016108
6,94,0.0,0.2566230296947896
6,95,0.0,0.2231680361961354
6,96,0.0,0.1695961288923281
6,97,0.0,0.15309034843494376
6,98,0.0,0.12726020267273797
6,99,0.0,0.06926158775051866
6,100,0.006608339250461596,0.03972772925658218
6,101,0.031478094026275924,0.022710980722125143
6,102,0.1583959652340547,0.02729640483651315
6,103,0.3159149874863278,0.04717344729842501
6,104,0.4631283781645914,0.09887578245898566
6,105,0.5899246575990299,0.14556218690553172
6,106,0.7142424714744094,0.06832430511292935
6,107,0.7554434009135009,0.11985406367649407
6,108,0.765578181240526,0.12837762611104475
6,109,0.6944880713560201,0.08645171413001422
6,110,0.5714249129938106,0.06723879996937052
6,111,0.43786589387871483,0.033861829589870863
6,112,0.28722462370241,0.01066680866153376
6,113,0.09896722545967672,0.004793628417696422
6,114,0.01811792204628628,0.012115287550279975
6,115,0.0,0.03675235472083481
6,116,0.0,0.06650688332077709
6,117,0.0,0.08126885063512682
6,118,0.0,0.08443527176149297
6,119,0.0,0.12510900410494627
6,120,0.0,0.1145899534438259
6,121,0.0,0.12304508973015879
6,122,0.0,0.10731812485367567
6,123,0.0,0.1000907905203828
6,124,0.007588831731226543,0.12417657862616129
6,125,0.030229476586129917,0.09127325232105724
6,126,0.14141716515577102,0.06033269842502348
6,127,0.2692953793211587,0.03446330672033758
6,128,0.3916339860996493,0.015700068265919558
6,129,0.528201546605588,0.012426219443478324
6,130,0.6092608354088073,0.006641480949266147
6,131,0.6365155012869996,0.009284066027949624
6,132,0.6314934043332243,0.008544172910078526
6,133,0.6233269574134173,0.004493096800148591
6,134,0.5557416397949434,0.003081038996632053
6,135,0.4027199498322132,0.006352021129907453
6,136,0.24216263408456593,0.009658299232868815
6,137,0.078140045979204,0.011623840930262952
6,138,0.015007792980579042,0.016466924420400125
6,139,0.0,0.024957056091987694
6,140,0.0,0.038281256126690276
6,141,0.0,0.03886021542423664
6,142,0.0,0.04785838740447789
6,143,0.0,0.05682653509009043
6,144,0.0,0.05197891706688632
6,145,0.0,0.07112821505109511
6,146,0.0,0.07505190343246924
6,147,0.0,0.05984314518424383
6,148,0.003817824843770432,0.034902769696040135
6,149,0.024884000597179268,0.011142952639135392
6,150,0.1485060957332357,0.007480857890232413
6,151,0.33433779012739895,0.010315925348839919
6,152,0.4822724523847734,0.013335412221489422
6,153,0.6190309651827849,0.017470386855631514
6,154,0.7186795649885063,0.01277257295732946
6,155,0.7460720270875956,0.022078541765418465
6,156,0.7373341220601057,0.0379127515658786
6,157,0.6728485841757865,0.03253584106877558
6,158,0.5328974377330433,0.024598638377901723
6,159,0.39741808176336824,0.03740756048408842
6,160,0.24432907532205797,0.048331226815980656
6,161,0.09138840067960532,0.04499031894957094
6,162,0.01658321045781589,0.09551117708411827
6,163,0.0,0.1706194452668521
6,164,0.0,0.21190864414043978
6,165,0.0,0.20812175652230674
6,166,0.0,0.18398246951003022
6,167,0.0,0.17734280482592193
7,0,0.0,0.9888956075078024
7,1,0.0,0.993444635061794
7,2,0.0,0.9955721637503709
7,3,0.0,0.9965419911525066
7,4,0.0,0.9992572615125641
7,5,0.0,0.9983817286805333
7,6,0.0,0.9995511124800848
7,7,0.03488887242865128,0.9999256284190815
7,8,0.06262016624923238,0.9999946355819702
7,9,0.1152730761102185,0.9960175694968131
7,10,0.24762980083565422,0.9645387995023227
7,11,0.27305212540433793,0.9327733509675784
7,12,0.28626419450915264,0.8888417372533526
7,13,0.3648511914539608,0.8799775509579915
7,14,0.23080721206499957,0.7716728660829135
7,15,0.0984011908671496,0.663643932227323
7,16,0.0,0.6251601247160231
7,17,0.0,0.6297203579458555
7,18,0.0,0.6935620138377238
7,19,0.0,0.7699220189692674
7,20,0.0,0.9089598394263891
7,21,0.0,0.9476595747480346
7,22,0.0,0.8968020188991295
7,23,0.0,0.8415231881481025
7,24,0.0,0.7402070302993667
7,25,0.0,0.6980306545753133
7,26,0.0,0.6938805013975178
7,27,0.0,0.6878198996982269
7,28,0.0,0.6218142370666414
7,29,0.0,0.6564414244761534
7,30,0.009584616694674081,0.8145092243248236
7,31,0.12474725116916015,0.8803212711566465
7,32,0.3300424875129365,0.9451967499859026
7,33,0.3805432966602242,0.9378857418876316
7,34,0.4778253110221605,0.751069164755234
7,35,0.49999523702811005,0.7694317706512434
7,36,0.4425376117270483,0.7613391865313139
7,37,0.37309071166646723,0.6607263040508897
7,38,0.29241997150330035,0.5752135068664321
7,39,0.09575694241962952,0.5472586239004997
7,40,0.021184131734251415,0.546811092254563
7,41,0.0,0.5463815612155617
7,42,0.0,0.49248728708208805
7,43,0.0,0.4801197773654293
7,44,0.0,0.4506689863453331
7,45,0.0,0.37126106718749025
7,46,0.0,0.25880251377755625
7,47,0.0,0.1626464901805136
7,48,0.0,0.0984457211868744
7,49,0.0,0.10566977353864618
7,50,0.0,0.1658711369869912
7,51,0.0,0.22265098689166798
7,52,0.0,0.23771014365530896
7,53,0.0,0.22644833016035257
7,54,0.011000006112373718,0.20110407660902874
7,55,0.10047985913662905,0.1815354747518451
7,56,0.25634144801387926,0.21501412012414012
7,57,0.36654753520441263,0.1762522767481017
7,58,0.44546583533363043,0.06060485298632689
7,59,0.5108407586032829,0.06698344429815908
7,60,0.48104278140902623,0.1180410805687713
7,61,0.4474565384025995,0.15599340823937333
7,62,0.2966156200897072,0.25338089388803087
7,63,0.10684852869604058,0.2924046898050616
7,64,0.01368690881025828,0.3458939006119411
7,65,0.0,0.41379573644925716
7,66,0.0,0.47453609240882705
7,67,0.0,0.5215184712388609
7,68,0.0,0.5709674895291853
7,69,0.0,0.5825791525685355
7,70,0.0,0.5699809330861669
7,71,0.0,0.5120283764222147
7,72,0.0,0.45632317367909875
7,73,0.0,0.44530542139340695
7,74,0.0,0.46818075560624417
7,75,0.0,0.4647045920411063
7,76,0.0,0.4784665626827768
7,77,0.0,0.5242211451477075
7,78,0.00892385827259579,0.48259363892353535
7,79,0.14377898812221787,0.4331116493228256
7,80,0.3274105612192932,0.456042147647314
7,81,0.4905339338304602,0.40936556058476564
7,82,0.548589684146051,0.35791177933462115
7,83,0.6443298832231742,0.36718591653859217
7,84,0.5816452208024164,0.3770805879104529
7,85,0.45227693951723513,0.3756336748857621
7,86,0.3020256985040109,0.4091474969408154
7,87,0.14041541893484855,0.41330800146100966
7,88,0.018443652975798135,0.4419275657787283
7,89,0.0,0.4003252425228681
7,90,0.0,0.42603121191272747
7,91,0.0,0.4418505267573246
7,92,0.0,0.4086286085842735
7,93,0.0,0.34702628978664307
7,94,0.0,0.3733234181817499
7,95,0.0,0.3521322732058833
7,96,0.0,0.28801961479900623
7,97,0.0,0.2624605907611268
7,98,0.0,0.289800900025042
7,99,0.0,0.2942026245991016
7,100,0.0,0.34076701582570745
7,101,0.0,0.396559459920979
7,102,0.0,0.3905602212178468
7,103,0.03683821095095707,0.4546479946797057
7,104,0.09642890085735598,0.4459014083760114
7,105,0.10065939578748656,0.4862296423151576
7,106,0.12342092822547049,0.5750514219311357
7,107,0.12776707379716998,0.6641136566745254
7,108,0.18942055006865433,0.704963610191503
7,109,0.10908710183577053,0.6791765287952269
7,110,0.06284418689442059,0.6200249250798971
7,111,0.03752387873442091,0.6300057847882762
7,112,0.002014111792624543,0.6993974887410055
7,113,0.0,0.7175541605411155
7,114,0.0,0.7367823850275879
7,115,0.0,0.8231672778420897
7,116,0.0,0.8398204419940485
7,117,0.0,0.7658490935609614
7,118,0.0,0.9284822327718951
7,119,0.0,0.9264330444731043
7,120,0.0,0.8853463213834463
7,121,0.0,0.8581486361337535
7,122,0.0,0.9009518144489724
7,123,0.0,0.8723153323422852
7,124,0.0,0.9013788023558683
7,125,0.0,0.9210940962452323
7,126,0.0,0.9570681502597631
7,127,0.02041160512115761,0.9691452660791072
7,128,0.04366591490973936,0.9931519761874479
7,129,0.0811142753946937,0.9998611759147792
7,130,0.10022789389173918,0.9997419467291068
7,131,0.10175858743265583,0.998775119428127
7,132,0.08378533264005314,0.9994241744252172
7,133,0.050639858790837364,0.9981657611337483
7,134,0.04302375892072911,0.9974338357928089
7,135,0.023489118685141242,0.9939613478482924
7,136,0.0037098397313346577,0.9948913792066186
7,137,0.0,0.9952679813086711
7,138,0.0,0.9971233948619427
7,139,0.0,0.9944732127892144
7,140,0.0,0.9883730137283095
7,141,0.0,0.9776866931474655
7,142,0.0,0.9740566700899355
7,143,0.0,0.9750554852244319
7,144,0.0,0.9678276454933036
7,145,0.0,0.9513324932916282
7,146,0.0,0.9370239975999862
7,147,0.0,0.9127404437200813
7,148,0.0,0.8470233471096096
7,149,0.0,0.9288592918429979
7,150,0.0,0.9216728376132451
7,151,0.010394983416575767,0.8919713792008753
7,152,0.03319522571806281,0.6029479320679553
7,153,0.0512168983309129,0.5183443244794891
7,154,0.05698810840544374,0.6702333265906142
7,155,0.09402998884559409,0.7407614330983996
7,156,0.1432705754296307,0.7747087499022599
7,157,0.22649442857313418,0.8084824780716892
7,158,0.18818300374900107,0.9020504077821767
7,159,0.07012076383207994,0.9612883587797814
7,160,0.01183288916283094,0.9687325634220861
7,161,0.0,0.9767669733950988
7,162,0.0,0.9869746884345905
7,163,0.0,0.989510667981199
7,164,0.0,0.9913697968915313
7,165,0.0,0.9836141777756011
7,166,0.0,0.9843592956143387
7,167,0.0,0.9702648799886221
